"country","year","democracy","income","sample"
"Andorra","1950-1954",NA,NA,0
"Andorra","1955-1959",NA,NA,0
"Andorra","1960-1964",NA,NA,1
"Andorra","1965-1969",NA,NA,1
"Andorra","1970-1974",0.5,NA,1
"Andorra","1975-1979",NA,NA,1
"Andorra","1980-1984",NA,NA,1
"Andorra","1985-1989",NA,NA,1
"Andorra","1990-1994",NA,NA,1
"Andorra","1995-1999",1,NA,1
"Andorra","2000-2004",1,NA,1
"Afghanistan","1950-1954",0.12,NA,0
"Afghanistan","1955-1959",0.11,NA,0
"Afghanistan","1960-1964",0.14,NA,1
"Afghanistan","1965-1969",0.23,NA,1
"Afghanistan","1970-1974",0.5,NA,1
"Afghanistan","1975-1979",0,NA,1
"Afghanistan","1980-1984",0,NA,1
"Afghanistan","1985-1989",0,NA,1
"Afghanistan","1990-1994",0,NA,1
"Afghanistan","1995-1999",0,NA,1
"Afghanistan","2000-2004",0,NA,1
"Angola","1950-1954",NA,NA,0
"Angola","1955-1959",NA,NA,0
"Angola","1960-1964",NA,7.812518,0
"Angola","1965-1969",0.12,7.963571,0
"Angola","1970-1974",NA,8.11033,0
"Angola","1975-1979",0.1666667,7.642973,0
"Angola","1980-1984",0,7.563512,1
"Angola","1985-1989",0,7.528483,1
"Angola","1990-1994",0,7.57377,1
"Angola","1995-1999",0.1666667,7.132994,1
"Angola","2000-2004",0.1666667,NA,1
"Albania","1950-1954",0.24,NA,0
"Albania","1955-1959",0.24,NA,0
"Albania","1960-1964",0.2,NA,1
"Albania","1965-1969",0.18,NA,1
"Albania","1970-1974",0,NA,1
"Albania","1975-1979",0,NA,1
"Albania","1980-1984",0,NA,1
"Albania","1985-1989",0,NA,1
"Albania","1990-1994",0,NA,1
"Albania","1995-1999",0.6666667,7.947575,1
"Albania","2000-2004",0.5,8.1156,1
"United Arab Emirates","1950-1954",NA,NA,0
"United Arab Emirates","1955-1959",NA,NA,0
"United Arab Emirates","1960-1964",NA,NA,0
"United Arab Emirates","1965-1969",NA,NA,0
"United Arab Emirates","1970-1974",0,NA,0
"United Arab Emirates","1975-1979",0.1666667,NA,0
"United Arab Emirates","1980-1984",0.3333333,NA,1
"United Arab Emirates","1985-1989",0.3333333,NA,1
"United Arab Emirates","1990-1994",0.1666667,NA,1
"United Arab Emirates","1995-1999",0.1666667,NA,1
"United Arab Emirates","2000-2004",0.1666667,NA,1
"Argentina","1950-1954",0.49,8.768732,0
"Argentina","1955-1959",0.3,8.833524,0
"Argentina","1960-1964",0.63,8.905374,1
"Argentina","1965-1969",0.53,9.01616,1
"Argentina","1970-1974",0.1666667,9.13399,1
"Argentina","1975-1979",0.8333333,9.20284,1
"Argentina","1980-1984",0.1666667,9.271142,1
"Argentina","1985-1989",0.8333333,9.065316,1
"Argentina","1990-1994",1,8.884429,1
"Argentina","1995-1999",0.8333333,9.236609,1
"Argentina","2000-2004",1,9.306237,1
"Armenia","1950-1954",NA,NA,0
"Armenia","1955-1959",NA,NA,0
"Armenia","1960-1964",NA,NA,0
"Armenia","1965-1969",NA,NA,0
"Armenia","1970-1974",NA,NA,0
"Armenia","1975-1979",NA,NA,0
"Armenia","1980-1984",NA,NA,0
"Armenia","1985-1989",NA,NA,0
"Armenia","1990-1994",NA,NA,0
"Armenia","1995-1999",0.5,7.735623,0
"Armenia","2000-2004",0.5,7.934454,1
"Antigua","1950-1954",NA,NA,0
"Antigua","1955-1959",NA,NA,0
"Antigua","1960-1964",NA,NA,0
"Antigua","1965-1969",NA,NA,0
"Antigua","1970-1974",NA,NA,0
"Antigua","1975-1979",NA,NA,0
"Antigua","1980-1984",NA,8.995663,0
"Antigua","1985-1989",0.8333333,9.256453,0
"Antigua","1990-1994",0.6666667,9.47458,1
"Antigua","1995-1999",0.5,9.431346,1
"Antigua","2000-2004",0.5,9.722494,1
"Australia","1950-1954",0.99,9.124109,0
"Australia","1955-1959",1,9.200232,0
"Australia","1960-1964",1,9.277876,1
"Australia","1965-1969",1,9.420744,1
"Australia","1970-1974",1,9.603759,1
"Australia","1975-1979",1,9.657485,1
"Australia","1980-1984",1,9.748026,1
"Australia","1985-1989",1,9.820157,1
"Australia","1990-1994",1,9.906652,1
"Australia","1995-1999",1,10.01196,1
"Australia","2000-2004",1,10.14875,1
"Austria","1950-1954",NA,8.346102,0
"Austria","1955-1959",NA,8.622914,0
"Austria","1960-1964",0.97,8.900677,1
"Austria","1965-1969",0.97,9.080444,1
"Austria","1970-1974",1,9.321485,1
"Austria","1975-1979",1,9.49425,1
"Austria","1980-1984",1,9.666615,1
"Austria","1985-1989",1,9.726995,1
"Austria","1990-1994",1,9.894085,1
"Austria","1995-1999",1,9.953502,1
"Austria","2000-2004",1,10.07224,1
"Azerbaijan","1950-1954",NA,NA,0
"Azerbaijan","1955-1959",NA,NA,0
"Azerbaijan","1960-1964",NA,NA,0
"Azerbaijan","1965-1969",NA,NA,0
"Azerbaijan","1970-1974",NA,NA,0
"Azerbaijan","1975-1979",NA,NA,0
"Azerbaijan","1980-1984",NA,NA,0
"Azerbaijan","1985-1989",NA,NA,0
"Azerbaijan","1990-1994",NA,NA,0
"Azerbaijan","1995-1999",0.1666667,7.683833,0
"Azerbaijan","2000-2004",0.1666667,7.936543,1
"Baden","1950-1954",NA,NA,0
"Baden","1955-1959",NA,NA,0
"Baden","1960-1964",NA,NA,0
"Baden","1965-1969",NA,NA,0
"Baden","1970-1974",NA,NA,0
"Baden","1975-1979",NA,NA,0
"Baden","1980-1984",NA,NA,0
"Baden","1985-1989",NA,NA,0
"Baden","1990-1994",NA,NA,0
"Baden","1995-1999",NA,NA,0
"Baden","2000-2004",NA,NA,0
"Bavaria","1950-1954",NA,NA,0
"Bavaria","1955-1959",NA,NA,0
"Bavaria","1960-1964",NA,NA,0
"Bavaria","1965-1969",NA,NA,0
"Bavaria","1970-1974",NA,NA,0
"Bavaria","1975-1979",NA,NA,0
"Bavaria","1980-1984",NA,NA,0
"Bavaria","1985-1989",NA,NA,0
"Bavaria","1990-1994",NA,NA,0
"Bavaria","1995-1999",NA,NA,0
"Bavaria","2000-2004",NA,NA,0
"Burundi","1950-1954",NA,NA,0
"Burundi","1955-1959",NA,NA,0
"Burundi","1960-1964",0.31,6.283445,0
"Burundi","1965-1969",0.58,6.400949,0
"Burundi","1970-1974",0,6.743066,1
"Burundi","1975-1979",0,6.644792,1
"Burundi","1980-1984",0,6.623969,1
"Burundi","1985-1989",0,6.609796,1
"Burundi","1990-1994",0,6.719303,1
"Burundi","1995-1999",0.1666667,6.541517,1
"Burundi","2000-2004",0.1666667,6.25998,1
"Belgium","1950-1954",1,8.716015,0
"Belgium","1955-1959",1,8.856646,0
"Belgium","1960-1964",1,8.95908,1
"Belgium","1965-1969",1,9.188131,1
"Belgium","1970-1974",1,9.404516,1
"Belgium","1975-1979",1,9.550781,1
"Belgium","1980-1984",1,9.700546,1
"Belgium","1985-1989",1,9.737533,1
"Belgium","1990-1994",1,9.897312,1
"Belgium","1995-1999",1,9.948232,1
"Belgium","2000-2004",1,10.07665,1
"Benin","1950-1954",NA,NA,0
"Benin","1955-1959",NA,NA,0
"Benin","1960-1964",0.55,6.972244,0
"Benin","1965-1969",0.25,7.013138,1
"Benin","1970-1974",0,6.997882,1
"Benin","1975-1979",0,6.887999,1
"Benin","1980-1984",0,6.907778,1
"Benin","1985-1989",0,7.066224,1
"Benin","1990-1994",0.1666667,6.90776,1
"Benin","1995-1999",0.8333333,6.971512,1
"Benin","2000-2004",0.8333333,7.101663,1
"Burkina Faso","1950-1954",NA,NA,0
"Burkina Faso","1955-1959",NA,NA,0
"Burkina Faso","1960-1964",0.14,6.626073,0
"Burkina Faso","1965-1969",0.07,6.438499,1
"Burkina Faso","1970-1974",0.6666667,6.50586,1
"Burkina Faso","1975-1979",0.1666667,6.581646,1
"Burkina Faso","1980-1984",0.1666667,6.639576,1
"Burkina Faso","1985-1989",0,6.71311,1
"Burkina Faso","1990-1994",0.1666667,6.739776,1
"Burkina Faso","1995-1999",0.3333333,6.770059,1
"Burkina Faso","2000-2004",0.5,6.863626,1
"Bangladesh","1950-1954",NA,NA,0
"Bangladesh","1955-1959",NA,NA,0
"Bangladesh","1960-1964",NA,6.963459,0
"Bangladesh","1965-1969",NA,6.993114,0
"Bangladesh","1970-1974",0.8333333,7.007203,0
"Bangladesh","1975-1979",0,6.870495,0
"Bangladesh","1980-1984",0.6666667,6.880692,1
"Bangladesh","1985-1989",0.3333333,7.060115,1
"Bangladesh","1990-1994",0.3333333,7.153151,1
"Bangladesh","1995-1999",0.6666667,7.291024,1
"Bangladesh","2000-2004",0.6666667,7.428857,1
"Bulgaria","1950-1954",0.23,NA,0
"Bulgaria","1955-1959",0.3,NA,0
"Bulgaria","1960-1964",0.23,NA,1
"Bulgaria","1965-1969",0.37,NA,1
"Bulgaria","1970-1974",0,NA,1
"Bulgaria","1975-1979",0,NA,1
"Bulgaria","1980-1984",0,NA,1
"Bulgaria","1985-1989",0,NA,1
"Bulgaria","1990-1994",0.6666667,NA,1
"Bulgaria","1995-1999",0.8333333,8.818811,1
"Bulgaria","2000-2004",0.8333333,8.663001,1
"Bahrain","1950-1954",NA,NA,0
"Bahrain","1955-1959",NA,NA,0
"Bahrain","1960-1964",NA,NA,0
"Bahrain","1965-1969",NA,NA,0
"Bahrain","1970-1974",0.1666667,NA,0
"Bahrain","1975-1979",0.1666667,NA,0
"Bahrain","1980-1984",0.3333333,NA,1
"Bahrain","1985-1989",0.3333333,NA,1
"Bahrain","1990-1994",0.1666667,NA,1
"Bahrain","1995-1999",0.1666667,NA,1
"Bahrain","2000-2004",0,NA,1
"Bahamas","1950-1954",NA,NA,0
"Bahamas","1955-1959",NA,NA,0
"Bahamas","1960-1964",NA,NA,0
"Bahamas","1965-1969",NA,NA,0
"Bahamas","1970-1974",NA,NA,0
"Bahamas","1975-1979",1,NA,0
"Bahamas","1980-1984",1,NA,1
"Bahamas","1985-1989",0.8333333,NA,1
"Bahamas","1990-1994",0.8333333,NA,1
"Bahamas","1995-1999",1,NA,1
"Bahamas","2000-2004",1,NA,1
"Bosnia and Herzegovina","1950-1954",NA,NA,0
"Bosnia and Herzegovina","1955-1959",NA,NA,0
"Bosnia and Herzegovina","1960-1964",NA,NA,0
"Bosnia and Herzegovina","1965-1969",NA,NA,0
"Bosnia and Herzegovina","1970-1974",NA,NA,0
"Bosnia and Herzegovina","1975-1979",NA,NA,0
"Bosnia and Herzegovina","1980-1984",NA,NA,0
"Bosnia and Herzegovina","1985-1989",NA,NA,0
"Bosnia and Herzegovina","1990-1994",NA,NA,0
"Bosnia and Herzegovina","1995-1999",0.1666667,NA,0
"Bosnia and Herzegovina","2000-2004",0.3333333,NA,1
"Belarus","1950-1954",NA,NA,0
"Belarus","1955-1959",NA,NA,0
"Belarus","1960-1964",NA,NA,0
"Belarus","1965-1969",NA,NA,0
"Belarus","1970-1974",NA,NA,0
"Belarus","1975-1979",NA,NA,0
"Belarus","1980-1984",NA,NA,0
"Belarus","1985-1989",NA,NA,0
"Belarus","1990-1994",NA,9.103862,0
"Belarus","1995-1999",0.3333333,8.616843,0
"Belarus","2000-2004",0.1666667,9.03808,1
"Belize","1950-1954",NA,NA,0
"Belize","1955-1959",NA,NA,0
"Belize","1960-1964",NA,NA,0
"Belize","1965-1969",NA,NA,0
"Belize","1970-1974",NA,NA,0
"Belize","1975-1979",NA,NA,0
"Belize","1980-1984",NA,8.448585,0
"Belize","1985-1989",1,8.390313,0
"Belize","1990-1994",1,8.638631,1
"Belize","1995-1999",1,8.735215,1
"Belize","2000-2004",1,8.79349,1
"Bolivia","1950-1954",0.68,7.919169,0
"Bolivia","1955-1959",0.41,7.869213,0
"Bolivia","1960-1964",0.6,7.763807,1
"Bolivia","1965-1969",0.36,7.898943,1
"Bolivia","1970-1974",0.3333333,7.823202,1
"Bolivia","1975-1979",0.1666667,7.980182,1
"Bolivia","1980-1984",0,8.023971,1
"Bolivia","1985-1989",0.8333333,7.840896,1
"Bolivia","1990-1994",0.8333333,7.802203,1
"Bolivia","1995-1999",0.8333333,7.868782,1
"Bolivia","2000-2004",1,7.909896,1
"Brazil","1950-1954",0.83,7.411589,0
"Brazil","1955-1959",0.89,7.583867,0
"Brazil","1960-1964",0.91,7.771254,1
"Brazil","1965-1969",0.61,7.952501,1
"Brazil","1970-1974",0.3333333,8.194207,1
"Brazil","1975-1979",0.5,8.54979,1
"Brazil","1980-1984",0.5,8.760891,1
"Brazil","1985-1989",0.6666667,8.724344,1
"Brazil","1990-1994",0.8333333,8.735161,1
"Brazil","1995-1999",0.8333333,8.819525,1
"Brazil","2000-2004",0.6666667,8.880447,1
"Barbados","1950-1954",NA,NA,0
"Barbados","1955-1959",NA,NA,0
"Barbados","1960-1964",NA,8.130892,0
"Barbados","1965-1969",1,8.374012,0
"Barbados","1970-1974",1,8.706109,0
"Barbados","1975-1979",1,9.018889,1
"Barbados","1980-1984",1,9.230895,1
"Barbados","1985-1989",1,9.247156,1
"Barbados","1990-1994",1,9.509151,1
"Barbados","1995-1999",1,9.524599,1
"Barbados","2000-2004",1,9.705969,1
"Brunei","1950-1954",NA,NA,0
"Brunei","1955-1959",NA,NA,0
"Brunei","1960-1964",NA,NA,0
"Brunei","1965-1969",NA,NA,0
"Brunei","1970-1974",0.1666667,NA,0
"Brunei","1975-1979",0.1666667,NA,0
"Brunei","1980-1984",0.1666667,NA,0
"Brunei","1985-1989",0.1666667,NA,0
"Brunei","1990-1994",0.1666667,NA,1
"Brunei","1995-1999",0,NA,1
"Brunei","2000-2004",0,NA,1
"Bhutan","1950-1954",NA,NA,0
"Bhutan","1955-1959",NA,NA,0
"Bhutan","1960-1964",NA,NA,1
"Bhutan","1965-1969",NA,NA,1
"Bhutan","1970-1974",0.5,NA,1
"Bhutan","1975-1979",0.5,NA,1
"Bhutan","1980-1984",0.3333333,NA,1
"Bhutan","1985-1989",0.3333333,NA,1
"Bhutan","1990-1994",0.1666667,NA,1
"Bhutan","1995-1999",0,NA,1
"Bhutan","2000-2004",0,NA,1
"Botswana","1950-1954",NA,NA,0
"Botswana","1955-1959",NA,NA,0
"Botswana","1960-1964",NA,6.864856,0
"Botswana","1965-1969",NA,6.888062,0
"Botswana","1970-1974",0.6666667,7.08392,0
"Botswana","1975-1979",0.8333333,7.704757,1
"Botswana","1980-1984",0.8333333,8.141397,1
"Botswana","1985-1989",0.8333333,8.322673,1
"Botswana","1990-1994",1,8.598033,1
"Botswana","1995-1999",0.8333333,8.680874,1
"Botswana","2000-2004",0.8333333,NA,1
"Central African Republic","1950-1954",NA,NA,0
"Central African Republic","1955-1959",NA,NA,0
"Central African Republic","1960-1964",0.65,7.685929,0
"Central African Republic","1965-1969",0.34,7.661548,1
"Central African Republic","1970-1974",0,7.714268,1
"Central African Republic","1975-1979",0,7.544977,1
"Central African Republic","1980-1984",0,7.493813,1
"Central African Republic","1985-1989",0,7.350046,1
"Central African Republic","1990-1994",0.1666667,7.231359,1
"Central African Republic","1995-1999",0.6666667,6.997157,1
"Central African Republic","2000-2004",0.6666667,NA,1
"Canada","1950-1954",0.99,9.115211,0
"Canada","1955-1959",1,9.205848,0
"Canada","1960-1964",1,9.247975,1
"Canada","1965-1969",1,9.429002,1
"Canada","1970-1974",1,9.554069,1
"Canada","1975-1979",1,9.719351,1
"Canada","1980-1984",1,9.851376,1
"Canada","1985-1989",1,9.937892,1
"Canada","1990-1994",1,10.01457,1
"Canada","1995-1999",1,10.04093,1
"Canada","2000-2004",1,10.20005,1
"Switzerland","1950-1954",1,9.254487,0
"Switzerland","1955-1959",0.99,9.446556,0
"Switzerland","1960-1964",1,9.614354,1
"Switzerland","1965-1969",1,9.781814,1
"Switzerland","1970-1974",1,9.933574,1
"Switzerland","1975-1979",1,9.923444,1
"Switzerland","1980-1984",1,10.01333,1
"Switzerland","1985-1989",1,10.05375,1
"Switzerland","1990-1994",1,10.17087,1
"Switzerland","1995-1999",1,10.1079,1
"Switzerland","2000-2004",1,10.18164,1
"Chile","1950-1954",0.83,NA,0
"Chile","1955-1959",0.82,8.169785,0
"Chile","1960-1964",1,8.256587,1
"Chile","1965-1969",0.97,8.318665,1
"Chile","1970-1974",1,8.475132,1
"Chile","1975-1979",0,8.336102,1
"Chile","1980-1984",0.1666667,8.59636,1
"Chile","1985-1989",0.1666667,8.514451,1
"Chile","1990-1994",0.8333333,8.723846,1
"Chile","1995-1999",0.8333333,9.046407,1
"Chile","2000-2004",0.8333333,9.202866,1
"China","1950-1954",0.24,NA,0
"China","1955-1959",NA,6.431236,0
"China","1960-1964",0.23,6.524397,1
"China","1965-1969",0.16,6.643185,1
"China","1970-1974",0,6.702918,1
"China","1975-1979",0,6.810732,1
"China","1980-1984",0.1666667,6.974238,1
"China","1985-1989",0.1666667,7.29593,1
"China","1990-1994",0,7.48804,1
"China","1995-1999",0,7.943825,1
"China","2000-2004",0,8.22879,1
"Cote d'Ivoire","1950-1954",NA,NA,0
"Cote d'Ivoire","1955-1959",NA,NA,0
"Cote d'Ivoire","1960-1964",0.43,7.395059,0
"Cote d'Ivoire","1965-1969",0.41,7.517912,1
"Cote d'Ivoire","1970-1974",0.1666667,7.779274,1
"Cote d'Ivoire","1975-1979",0.1666667,7.91229,1
"Cote d'Ivoire","1980-1984",0.1666667,7.834884,1
"Cote d'Ivoire","1985-1989",0.1666667,7.750678,1
"Cote d'Ivoire","1990-1994",0.1666667,7.660792,1
"Cote d'Ivoire","1995-1999",0.1666667,7.564293,1
"Cote d'Ivoire","2000-2004",0.1666667,7.533251,1
"Cameroon","1950-1954",NA,NA,0
"Cameroon","1955-1959",NA,NA,0
"Cameroon","1960-1964",0.73,7.426562,0
"Cameroon","1965-1969",0.56,7.43674,1
"Cameroon","1970-1974",0.1666667,7.365277,1
"Cameroon","1975-1979",0.1666667,7.550082,1
"Cameroon","1980-1984",0.1666667,7.662082,1
"Cameroon","1985-1989",0.1666667,7.935494,1
"Cameroon","1990-1994",0.1666667,7.725914,1
"Cameroon","1995-1999",0,7.525447,1
"Cameroon","2000-2004",0,7.62151,1
"Congo, Rep.","1950-1954",NA,NA,0
"Congo, Rep.","1955-1959",NA,NA,0
"Congo, Rep.","1960-1964",0.71,6.200138,0
"Congo, Rep.","1965-1969",0.46,6.680865,1
"Congo, Rep.","1970-1974",0,6.83407,1
"Congo, Rep.","1975-1979",0.3333333,7.08902,1
"Congo, Rep.","1980-1984",0,7.354609,1
"Congo, Rep.","1985-1989",0,7.680787,1
"Congo, Rep.","1990-1994",0.1666667,7.646156,1
"Congo, Rep.","1995-1999",0.5,7.473289,1
"Congo, Rep.","2000-2004",0.1666667,7.500045,1
"Colombia","1950-1954",0.6,7.69963,0
"Colombia","1955-1959",NA,7.82476,0
"Colombia","1960-1964",0.7,7.83598,1
"Colombia","1965-1969",0.71,7.917769,1
"Colombia","1970-1974",0.8333333,8.058127,1
"Colombia","1975-1979",0.8333333,8.220092,1
"Colombia","1980-1984",0.8333333,8.369085,1
"Colombia","1985-1989",0.8333333,8.377017,1
"Colombia","1990-1994",0.6666667,8.504004,1
"Colombia","1995-1999",0.5,8.608838,1
"Colombia","2000-2004",0.5,8.591086,1
"Comoros","1950-1954",NA,NA,0
"Comoros","1955-1959",NA,NA,0
"Comoros","1960-1964",NA,7.563939,0
"Comoros","1965-1969",NA,7.698801,0
"Comoros","1970-1974",NA,7.763431,0
"Comoros","1975-1979",0.3333333,7.773191,0
"Comoros","1980-1984",0.5,7.63765,1
"Comoros","1985-1989",0.1666667,7.723227,1
"Comoros","1990-1994",0.3333333,7.676051,1
"Comoros","1995-1999",0.5,7.417264,1
"Comoros","2000-2004",0.1666667,7.363977,1
"Cape Verde","1950-1954",NA,NA,0
"Cape Verde","1955-1959",NA,NA,0
"Cape Verde","1960-1964",NA,6.902211,0
"Cape Verde","1965-1969",NA,6.851697,0
"Cape Verde","1970-1974",NA,7.234652,0
"Cape Verde","1975-1979",0.3333333,7.070885,0
"Cape Verde","1980-1984",0.1666667,7.571468,1
"Cape Verde","1985-1989",0.1666667,7.835604,1
"Cape Verde","1990-1994",0.3333333,7.976821,1
"Cape Verde","1995-1999",1,8.063305,1
"Cape Verde","2000-2004",1,8.300804,1
"Costa Rica","1950-1954",0.84,7.817067,0
"Costa Rica","1955-1959",0.9,8.081528,0
"Costa Rica","1960-1964",0.91,8.153575,1
"Costa Rica","1965-1969",0.9,8.222897,1
"Costa Rica","1970-1974",1,8.33831,1
"Costa Rica","1975-1979",1,8.483473,1
"Costa Rica","1980-1984",1,8.597603,1
"Costa Rica","1985-1989",1,8.443103,1
"Costa Rica","1990-1994",1,8.503364,1
"Costa Rica","1995-1999",1,8.581841,1
"Costa Rica","2000-2004",1,8.677622,1
"Cuba","1950-1954",0.93,NA,0
"Cuba","1955-1959",0.38,NA,0
"Cuba","1960-1964",0.14,NA,1
"Cuba","1965-1969",0.05,NA,1
"Cuba","1970-1974",0,NA,1
"Cuba","1975-1979",0,NA,1
"Cuba","1980-1984",0.1666667,NA,1
"Cuba","1985-1989",0.1666667,8.840083,1
"Cuba","1990-1994",0,8.80514,1
"Cuba","1995-1999",0,8.534362,1
"Cuba","2000-2004",0,NA,1
"Cyprus","1950-1954",NA,7.749754,0
"Cyprus","1955-1959",NA,7.974775,0
"Cyprus","1960-1964",0.86,7.997364,0
"Cyprus","1965-1969",0.87,8.290691,1
"Cyprus","1970-1974",0.8333333,8.570662,1
"Cyprus","1975-1979",0.5,8.415262,1
"Cyprus","1980-1984",0.6666667,8.957566,1
"Cyprus","1985-1989",1,9.16623,1
"Cyprus","1990-1994",1,9.465647,1
"Cyprus","1995-1999",1,9.68425,1
"Cyprus","2000-2004",1,NA,1
"Czech Republic","1950-1954",NA,NA,0
"Czech Republic","1955-1959",NA,NA,0
"Czech Republic","1960-1964",NA,NA,0
"Czech Republic","1965-1969",NA,NA,0
"Czech Republic","1970-1974",NA,NA,0
"Czech Republic","1975-1979",NA,NA,0
"Czech Republic","1980-1984",NA,NA,0
"Czech Republic","1985-1989",NA,NA,0
"Czech Republic","1990-1994",NA,9.516825,0
"Czech Republic","1995-1999",1,9.465741,0
"Czech Republic","2000-2004",1,9.522665,1
"Czechoslovakia","1950-1954",0.13,NA,0
"Czechoslovakia","1955-1959",0.22,NA,0
"Czechoslovakia","1960-1964",0.22,NA,1
"Czechoslovakia","1965-1969",0.2,NA,1
"Czechoslovakia","1970-1974",0,NA,1
"Czechoslovakia","1975-1979",0,NA,1
"Czechoslovakia","1980-1984",0,NA,1
"Czechoslovakia","1985-1989",0,NA,1
"Czechoslovakia","1990-1994",0.8333333,NA,1
"Czechoslovakia","1995-1999",NA,NA,1
"Czechoslovakia","2000-2004",NA,NA,1
"Germany","1950-1954",NA,NA,0
"Germany","1955-1959",NA,NA,0
"Germany","1960-1964",NA,NA,1
"Germany","1965-1969",NA,NA,1
"Germany","1970-1974",NA,9.427697,1
"Germany","1975-1979",NA,9.505297,1
"Germany","1980-1984",NA,9.6754,1
"Germany","1985-1989",NA,9.754589,1
"Germany","1990-1994",1,9.881375,1
"Germany","1995-1999",1,9.953698,1
"Germany","2000-2004",1,10.03695,1
"Germany, East","1950-1954",NA,NA,0
"Germany, East","1955-1959",0.21,NA,0
"Germany, East","1960-1964",0.2,NA,1
"Germany, East","1965-1969",0.18,NA,1
"Germany, East","1970-1974",0,NA,1
"Germany, East","1975-1979",0,NA,1
"Germany, East","1980-1984",0,NA,1
"Germany, East","1985-1989",0,NA,1
"Germany, East","1990-1994",NA,NA,1
"Germany, East","1995-1999",NA,NA,1
"Germany, East","2000-2004",NA,NA,1
"Germany, West","1950-1954",NA,NA,0
"Germany, West","1955-1959",0.94,NA,0
"Germany, West","1960-1964",0.88,NA,1
"Germany, West","1965-1969",0.89,NA,1
"Germany, West","1970-1974",1,NA,1
"Germany, West","1975-1979",1,NA,1
"Germany, West","1980-1984",1,NA,1
"Germany, West","1985-1989",1,NA,1
"Germany, West","1990-1994",NA,NA,1
"Germany, West","1995-1999",NA,NA,1
"Germany, West","2000-2004",NA,NA,1
"Djibouti","1950-1954",NA,NA,0
"Djibouti","1955-1959",NA,NA,0
"Djibouti","1960-1964",NA,NA,0
"Djibouti","1965-1969",NA,NA,0
"Djibouti","1970-1974",NA,NA,0
"Djibouti","1975-1979",NA,NA,0
"Djibouti","1980-1984",0.6666667,NA,0
"Djibouti","1985-1989",0.1666667,NA,1
"Djibouti","1990-1994",0.1666667,NA,1
"Djibouti","1995-1999",0.3333333,NA,1
"Djibouti","2000-2004",0.5,NA,1
"Dominica","1950-1954",NA,NA,0
"Dominica","1955-1959",NA,NA,0
"Dominica","1960-1964",NA,NA,0
"Dominica","1965-1969",NA,NA,0
"Dominica","1970-1974",NA,NA,0
"Dominica","1975-1979",NA,NA,0
"Dominica","1980-1984",0.8333333,8.126091,0
"Dominica","1985-1989",0.8333333,8.471012,1
"Dominica","1990-1994",0.8333333,8.676472,1
"Dominica","1995-1999",1,8.789487,1
"Dominica","2000-2004",1,8.906344,1
"Denmark","1950-1954",1,9.038835,0
"Denmark","1955-1959",1,9.071526,0
"Denmark","1960-1964",1,9.304565,1
"Denmark","1965-1969",1,9.532278,1
"Denmark","1970-1974",1,9.682693,1
"Denmark","1975-1979",1,9.717537,1
"Denmark","1980-1984",1,9.814511,1
"Denmark","1985-1989",1,9.913645,1
"Denmark","1990-1994",1,9.989904,1
"Denmark","1995-1999",1,10.07164,1
"Denmark","2000-2004",1,10.18898,1
"Dominican Republic","1950-1954",NA,NA,0
"Dominican Republic","1955-1959",0.24,7.203041,0
"Dominican Republic","1960-1964",0.21,7.435221,1
"Dominican Republic","1965-1969",0.39,7.44714,1
"Dominican Republic","1970-1974",0.6666667,7.609761,1
"Dominican Republic","1975-1979",0.5,7.854886,1
"Dominican Republic","1980-1984",0.8333333,7.978275,1
"Dominican Republic","1985-1989",1,8.036067,1
"Dominican Republic","1990-1994",0.8333333,8.058249,1
"Dominican Republic","1995-1999",0.5,8.221441,1
"Dominican Republic","2000-2004",0.8333333,8.569816,1
"Algeria","1950-1954",NA,NA,0
"Algeria","1955-1959",NA,NA,0
"Algeria","1960-1964",NA,7.8876,0
"Algeria","1965-1969",0.27,8.104171,0
"Algeria","1970-1974",0.1666667,8.141255,1
"Algeria","1975-1979",0,8.206531,1
"Algeria","1980-1984",0.1666667,8.469116,1
"Algeria","1985-1989",0.1666667,8.612084,1
"Algeria","1990-1994",0.5,8.510196,1
"Algeria","1995-1999",0.1666667,8.43754,1
"Algeria","2000-2004",0.1666667,8.496084,1
"Ecuador","1950-1954",0.84,NA,0
"Ecuador","1955-1959",0.73,7.528274,0
"Ecuador","1960-1964",0.84,7.602719,1
"Ecuador","1965-1969",0.45,7.652979,1
"Ecuador","1970-1974",0,7.737057,1
"Ecuador","1975-1979",0,8.160672,1
"Ecuador","1980-1984",0.8333333,8.352687,1
"Ecuador","1985-1989",0.8333333,8.276384,1
"Ecuador","1990-1994",0.8333333,8.235887,1
"Ecuador","1995-1999",0.8333333,8.264271,1
"Ecuador","2000-2004",0.6666667,8.151236,1
"Egypt, Arab Rep.","1950-1954",NA,7.223467,0
"Egypt, Arab Rep.","1955-1959",0.29,7.182666,0
"Egypt, Arab Rep.","1960-1964",0.37,7.298231,1
"Egypt, Arab Rep.","1965-1969",0.39,7.471501,1
"Egypt, Arab Rep.","1970-1974",0.1666667,7.585579,1
"Egypt, Arab Rep.","1975-1979",0.1666667,7.43298,1
"Egypt, Arab Rep.","1980-1984",0.3333333,7.793143,1
"Egypt, Arab Rep.","1985-1989",0.5,7.925966,1
"Egypt, Arab Rep.","1990-1994",0.3333333,8.084625,1
"Egypt, Arab Rep.","1995-1999",0.1666667,8.190038,1
"Egypt, Arab Rep.","2000-2004",0.1666667,8.339016,1
"Eritrea","1950-1954",NA,NA,0
"Eritrea","1955-1959",NA,NA,0
"Eritrea","1960-1964",NA,NA,0
"Eritrea","1965-1969",NA,NA,0
"Eritrea","1970-1974",NA,NA,0
"Eritrea","1975-1979",NA,NA,0
"Eritrea","1980-1984",NA,NA,0
"Eritrea","1985-1989",NA,NA,0
"Eritrea","1990-1994",NA,NA,0
"Eritrea","1995-1999",0.1666667,NA,0
"Eritrea","2000-2004",0,NA,1
"Spain","1950-1954",0.1,7.947925,0
"Spain","1955-1959",0.1,8.266325,0
"Spain","1960-1964",0.11,8.441745,1
"Spain","1965-1969",0.1,8.850598,1
"Spain","1970-1974",0.3333333,9.11336,1
"Spain","1975-1979",0.3333333,9.32349,1
"Spain","1980-1984",0.8333333,9.350207,1
"Spain","1985-1989",1,9.373483,1
"Spain","1990-1994",1,9.58033,1
"Spain","1995-1999",1,9.699554,1
"Spain","2000-2004",1,9.800728,1
"Estonia","1950-1954",NA,NA,0
"Estonia","1955-1959",NA,NA,0
"Estonia","1960-1964",NA,NA,1
"Estonia","1965-1969",NA,NA,1
"Estonia","1970-1974",NA,NA,1
"Estonia","1975-1979",NA,NA,1
"Estonia","1980-1984",NA,NA,1
"Estonia","1985-1989",NA,NA,1
"Estonia","1990-1994",NA,NA,1
"Estonia","1995-1999",0.8333333,8.923179,1
"Estonia","2000-2004",1,9.168336,1
"Ethiopia 1993-","1950-1954",NA,NA,0
"Ethiopia 1993-","1955-1959",NA,NA,0
"Ethiopia 1993-","1960-1964",NA,NA,0
"Ethiopia 1993-","1965-1969",NA,NA,0
"Ethiopia 1993-","1970-1974",NA,NA,0
"Ethiopia 1993-","1975-1979",NA,NA,0
"Ethiopia 1993-","1980-1984",NA,NA,0
"Ethiopia 1993-","1985-1989",NA,NA,0
"Ethiopia 1993-","1990-1994",NA,NA,0
"Ethiopia 1993-","1995-1999",0.5,6.269395,0
"Ethiopia 1993-","2000-2004",0.3333333,6.452979,1
"Ethiopia -pre 1993","1950-1954",NA,6.161616,0
"Ethiopia -pre 1993","1955-1959",0.24,6.259007,0
"Ethiopia -pre 1993","1960-1964",0.31,6.266719,1
"Ethiopia -pre 1993","1965-1969",0.13,6.351094,1
"Ethiopia -pre 1993","1970-1974",0.3333333,6.409465,1
"Ethiopia -pre 1993","1975-1979",0,6.438396,1
"Ethiopia -pre 1993","1980-1984",0,6.463727,1
"Ethiopia -pre 1993","1985-1989",0,6.229138,1
"Ethiopia -pre 1993","1990-1994",0,6.352316,1
"Ethiopia -pre 1993","1995-1999",NA,NA,1
"Ethiopia -pre 1993","2000-2004",NA,NA,1
"East Timor","1950-1954",NA,NA,0
"East Timor","1955-1959",NA,NA,0
"East Timor","1960-1964",NA,NA,0
"East Timor","1965-1969",NA,NA,0
"East Timor","1970-1974",NA,NA,0
"East Timor","1975-1979",NA,NA,0
"East Timor","1980-1984",NA,NA,0
"East Timor","1985-1989",NA,NA,0
"East Timor","1990-1994",NA,NA,0
"East Timor","1995-1999",NA,NA,0
"East Timor","2000-2004",NA,NA,0
"Finland","1950-1954",1,8.522561,0
"Finland","1955-1959",1,8.773726,0
"Finland","1960-1964",0.97,8.921469,1
"Finland","1965-1969",0.97,9.128719,1
"Finland","1970-1974",0.8333333,9.3424,1
"Finland","1975-1979",0.8333333,9.541437,1
"Finland","1980-1984",0.8333333,9.651776,1
"Finland","1985-1989",0.8333333,9.763481,1
"Finland","1990-1994",1,9.91692,1
"Finland","1995-1999",1,9.84103,1
"Finland","2000-2004",1,10.07711,1
"Fiji","1950-1954",NA,NA,0
"Fiji","1955-1959",NA,NA,0
"Fiji","1960-1964",NA,7.91746,0
"Fiji","1965-1969",NA,7.900438,0
"Fiji","1970-1974",0.8333333,8.141119,0
"Fiji","1975-1979",0.8333333,8.310014,1
"Fiji","1980-1984",0.8333333,8.43384,1
"Fiji","1985-1989",0.8333333,8.373541,1
"Fiji","1990-1994",0.1666667,8.47295,1
"Fiji","1995-1999",0.5,8.562225,1
"Fiji","2000-2004",0.1666667,NA,1
"France","1950-1954",0.98,8.599448,0
"France","1955-1959",0.99,8.758135,0
"France","1960-1964",0.9,8.965018,1
"France","1965-1969",0.91,9.192188,1
"France","1970-1974",1,9.420286,1
"France","1975-1979",1,9.545926,1
"France","1980-1984",1,9.693839,1
"France","1985-1989",1,9.755048,1
"France","1990-1994",1,9.904653,1
"France","1995-1999",1,9.909256,1
"France","2000-2004",1,10.01493,1
"Gabon","1950-1954",NA,NA,0
"Gabon","1955-1959",NA,NA,0
"Gabon","1960-1964",0.63,8.015266,0
"Gabon","1965-1969",0.45,8.600772,1
"Gabon","1970-1974",0.1666667,8.833056,1
"Gabon","1975-1979",0.1666667,8.955916,1
"Gabon","1980-1984",0.1666667,9.111508,1
"Gabon","1985-1989",0.1666667,8.861986,1
"Gabon","1990-1994",0.5,9.111217,1
"Gabon","1995-1999",0.3333333,9.095333,1
"Gabon","2000-2004",0.3333333,9.036213,1
"United Kingdom","1950-1954",0.99,8.925936,0
"United Kingdom","1955-1959",1,9.068756,0
"United Kingdom","1960-1964",0.99,9.177211,1
"United Kingdom","1965-1969",0.99,9.294972,1
"United Kingdom","1970-1974",1,9.399695,1
"United Kingdom","1975-1979",1,9.485318,1
"United Kingdom","1980-1984",1,9.569088,1
"United Kingdom","1985-1989",1,9.667117,1
"United Kingdom","1990-1994",1,9.815904,1
"United Kingdom","1995-1999",1,9.883865,1
"United Kingdom","2000-2004",1,10.00738,1
"Gran Colombia","1950-1954",NA,NA,0
"Gran Colombia","1955-1959",NA,NA,0
"Gran Colombia","1960-1964",NA,NA,0
"Gran Colombia","1965-1969",NA,NA,0
"Gran Colombia","1970-1974",NA,NA,0
"Gran Colombia","1975-1979",NA,NA,0
"Gran Colombia","1980-1984",NA,NA,0
"Gran Colombia","1985-1989",NA,NA,0
"Gran Colombia","1990-1994",NA,NA,0
"Gran Colombia","1995-1999",NA,NA,0
"Gran Colombia","2000-2004",NA,NA,0
"Georgia","1950-1954",NA,NA,0
"Georgia","1955-1959",NA,NA,0
"Georgia","1960-1964",NA,NA,0
"Georgia","1965-1969",NA,NA,0
"Georgia","1970-1974",NA,NA,0
"Georgia","1975-1979",NA,NA,0
"Georgia","1980-1984",NA,NA,0
"Georgia","1985-1989",NA,NA,0
"Georgia","1990-1994",NA,NA,0
"Georgia","1995-1999",0.5,NA,0
"Georgia","2000-2004",0.5,8.498297,1
"Ghana","1950-1954",NA,NA,0
"Ghana","1955-1959",NA,6.825847,0
"Ghana","1960-1964",0.57,6.764173,0
"Ghana","1965-1969",0.24,6.712244,1
"Ghana","1970-1974",0.1666667,7.156179,1
"Ghana","1975-1979",0,7.078761,1
"Ghana","1980-1984",0.8333333,7.09344,1
"Ghana","1985-1989",0,7.028491,1
"Ghana","1990-1994",0.1666667,7.074324,1
"Ghana","1995-1999",0.5,7.149208,1
"Ghana","2000-2004",0.8333333,7.208454,1
"Guinea","1950-1954",NA,NA,0
"Guinea","1955-1959",NA,NA,0
"Guinea","1960-1964",NA,7.921682,0
"Guinea","1965-1969",0.37,7.944034,1
"Guinea","1970-1974",0,7.732884,1
"Guinea","1975-1979",0,7.788236,1
"Guinea","1980-1984",0,7.86262,1
"Guinea","1985-1989",0,7.728806,1
"Guinea","1990-1994",0.1666667,7.7977,1
"Guinea","1995-1999",0.1666667,7.873855,1
"Guinea","2000-2004",0.1666667,7.948218,1
"Gambia, The","1950-1954",NA,NA,0
"Gambia, The","1955-1959",NA,NA,0
"Gambia, The","1960-1964",NA,6.805074,0
"Gambia, The","1965-1969",NA,6.976129,0
"Gambia, The","1970-1974",0.8333333,7.01445,1
"Gambia, The","1975-1979",0.8333333,7.120737,1
"Gambia, The","1980-1984",0.8333333,7.144153,1
"Gambia, The","1985-1989",0.6666667,7.234966,1
"Gambia, The","1990-1994",0.8333333,7.131224,1
"Gambia, The","1995-1999",0,6.970135,1
"Gambia, The","2000-2004",0,7.104079,1
"Guinea-Bissau","1950-1954",NA,NA,0
"Guinea-Bissau","1955-1959",NA,NA,0
"Guinea-Bissau","1960-1964",NA,6.056391,0
"Guinea-Bissau","1965-1969",NA,6.208751,0
"Guinea-Bissau","1970-1974",NA,5.8041,0
"Guinea-Bissau","1975-1979",0.1666667,6.414782,0
"Guinea-Bissau","1980-1984",0.1666667,6.103621,1
"Guinea-Bissau","1985-1989",0.1666667,6.294609,1
"Guinea-Bissau","1990-1994",0.1666667,6.47857,1
"Guinea-Bissau","1995-1999",0.6666667,6.662519,1
"Guinea-Bissau","2000-2004",0.5,6.533538,1
"Equatorial Guinea","1950-1954",NA,NA,0
"Equatorial Guinea","1955-1959",NA,NA,0
"Equatorial Guinea","1960-1964",NA,8.091364,0
"Equatorial Guinea","1965-1969",NA,8.134517,0
"Equatorial Guinea","1970-1974",0.1666667,8.231673,0
"Equatorial Guinea","1975-1979",0.1666667,8.285317,1
"Equatorial Guinea","1980-1984",0,7.689084,1
"Equatorial Guinea","1985-1989",0,7.449494,1
"Equatorial Guinea","1990-1994",0,7.257563,1
"Equatorial Guinea","1995-1999",0,7.043111,1
"Equatorial Guinea","2000-2004",0,8.189795,1
"Greece","1950-1954",0.98,NA,0
"Greece","1955-1959",0.83,8.078986,0
"Greece","1960-1964",0.88,8.334816,1
"Greece","1965-1969",0.83,8.72038,1
"Greece","1970-1974",0.1666667,9.040845,1
"Greece","1975-1979",0.8333333,9.249929,1
"Greece","1980-1984",0.8333333,9.380486,1
"Greece","1985-1989",0.8333333,9.349674,1
"Greece","1990-1994",1,9.390127,1
"Greece","1995-1999",1,9.431264,1
"Greece","2000-2004",1,9.589738,1
"Grenada","1950-1954",NA,NA,0
"Grenada","1955-1959",NA,NA,0
"Grenada","1960-1964",NA,NA,0
"Grenada","1965-1969",NA,NA,0
"Grenada","1970-1974",NA,NA,0
"Grenada","1975-1979",0.8333333,NA,0
"Grenada","1980-1984",0.3333333,8.012017,1
"Grenada","1985-1989",0.8333333,8.217793,1
"Grenada","1990-1994",0.8333333,8.461378,1
"Grenada","1995-1999",1,8.496442,1
"Grenada","2000-2004",1,8.728799,1
"Guatemala","1950-1954",0.69,7.677903,0
"Guatemala","1955-1959",0.5,7.638525,0
"Guatemala","1960-1964",0.7,7.759642,1
"Guatemala","1965-1969",0.4,7.845412,1
"Guatemala","1970-1974",0.8333333,8.003448,1
"Guatemala","1975-1979",0.5,8.142745,1
"Guatemala","1980-1984",0.3333333,8.308284,1
"Guatemala","1985-1989",0.5,8.182334,1
"Guatemala","1990-1994",0.6666667,8.188078,1
"Guatemala","1995-1999",0.5,8.235296,1
"Guatemala","2000-2004",0.6666667,8.272367,1
"Guyana","1950-1954",NA,7.912866,0
"Guyana","1955-1959",NA,7.720251,0
"Guyana","1960-1964",NA,7.548697,0
"Guyana","1965-1969",0.53,7.61239,0
"Guyana","1970-1974",0.8333333,7.796377,0
"Guyana","1975-1979",0.5,7.866194,1
"Guyana","1980-1984",0.5,7.945521,1
"Guyana","1985-1989",0.3333333,7.709775,1
"Guyana","1990-1994",0.3333333,7.644551,1
"Guyana","1995-1999",0.8333333,7.878178,1
"Guyana","2000-2004",0.8333333,NA,1
"Honduras","1950-1954",0.63,7.50185,0
"Honduras","1955-1959",0.16,7.333015,0
"Honduras","1960-1964",0.7,7.438536,1
"Honduras","1965-1969",0.5,7.488313,1
"Honduras","1970-1974",0,7.528791,1
"Honduras","1975-1979",0.1666667,7.593008,1
"Honduras","1980-1984",0.5,7.731841,1
"Honduras","1985-1989",0.8333333,7.725555,1
"Honduras","1990-1994",0.8333333,7.707236,1
"Honduras","1995-1999",0.6666667,7.626646,1
"Honduras","2000-2004",0.6666667,7.625558,1
"Croatia","1950-1954",NA,NA,0
"Croatia","1955-1959",NA,NA,0
"Croatia","1960-1964",NA,NA,0
"Croatia","1965-1969",NA,NA,0
"Croatia","1970-1974",NA,NA,0
"Croatia","1975-1979",NA,NA,0
"Croatia","1980-1984",NA,NA,0
"Croatia","1985-1989",NA,NA,0
"Croatia","1990-1994",NA,NA,0
"Croatia","1995-1999",0.5,8.837205,0
"Croatia","2000-2004",0.8333333,9.050838,1
"Haiti","1950-1954",0.47,NA,0
"Haiti","1955-1959",0.51,NA,0
"Haiti","1960-1964",0.35,NA,1
"Haiti","1965-1969",0.21,NA,1
"Haiti","1970-1974",0,6.834893,1
"Haiti","1975-1979",0.1666667,6.826536,1
"Haiti","1980-1984",0.1666667,7.013275,1
"Haiti","1985-1989",0,6.874998,1
"Haiti","1990-1994",0.5,6.763781,1
"Haiti","1995-1999",0.3333333,7.288907,1
"Haiti","2000-2004",0.1666667,NA,1
"Hungary","1950-1954",0.22,NA,0
"Hungary","1955-1959",0.27,NA,0
"Hungary","1960-1964",0.28,NA,1
"Hungary","1965-1969",0.12,NA,1
"Hungary","1970-1974",0.1666667,8.588902,1
"Hungary","1975-1979",0.1666667,8.845778,1
"Hungary","1980-1984",0.1666667,9.011422,1
"Hungary","1985-1989",0.3333333,9.122087,1
"Hungary","1990-1994",0.8333333,9.169792,1
"Hungary","1995-1999",1,9.064034,1
"Hungary","2000-2004",1,9.253325,1
"Indonesia","1950-1954",NA,NA,0
"Indonesia","1955-1959",0.57,NA,0
"Indonesia","1960-1964",0.2,6.841697,1
"Indonesia","1965-1969",0.1,6.797702,1
"Indonesia","1970-1974",0.3333333,6.991541,1
"Indonesia","1975-1979",0.3333333,7.256683,1
"Indonesia","1980-1984",0.3333333,7.54732,1
"Indonesia","1985-1989",0.3333333,7.730899,1
"Indonesia","1990-1994",0.1666667,7.955369,1
"Indonesia","1995-1999",0,8.200976,1
"Indonesia","2000-2004",0.6666667,8.200371,1
"India","1950-1954",NA,6.558499,0
"India","1955-1959",0.98,6.652637,0
"India","1960-1964",0.94,6.74189,1
"India","1965-1969",0.91,6.831872,1
"India","1970-1974",0.8333333,6.978369,1
"India","1975-1979",0.8333333,6.997562,1
"India","1980-1984",0.8333333,7.055082,1
"India","1985-1989",0.8333333,7.221988,1
"India","1990-1994",0.8333333,7.423547,1
"India","1995-1999",0.5,7.590337,1
"India","2000-2004",0.8333333,7.815578,1
"Ireland","1950-1954",1,8.358317,0
"Ireland","1955-1959",1,8.471416,0
"Ireland","1960-1964",0.95,8.544048,1
"Ireland","1965-1969",0.97,8.699453,1
"Ireland","1970-1974",1,8.8901,1
"Ireland","1975-1979",1,9.045475,1
"Ireland","1980-1984",1,9.206577,1
"Ireland","1985-1989",1,9.295671,1
"Ireland","1990-1994",1,9.558014,1
"Ireland","1995-1999",1,9.756508,1
"Ireland","2000-2004",1,10.18039,1
"Iran","1950-1954",0.48,NA,0
"Iran","1955-1959",0.29,7.459379,0
"Iran","1960-1964",0.35,7.8892,1
"Iran","1965-1969",0.45,8.141539,1
"Iran","1970-1974",0.3333333,8.561217,1
"Iran","1975-1979",0.1666667,8.522073,1
"Iran","1980-1984",0.3333333,8.301185,1
"Iran","1985-1989",0.3333333,8.397391,1
"Iran","1990-1994",0.1666667,8.26404,1
"Iran","1995-1999",0.1666667,8.519805,1
"Iran","2000-2004",0.1666667,8.698613,1
"Iraq","1950-1954",0.34,NA,0
"Iraq","1955-1959",0.23,NA,0
"Iraq","1960-1964",0.15,NA,1
"Iraq","1965-1969",0.11,NA,1
"Iraq","1970-1974",0,NA,1
"Iraq","1975-1979",0,NA,1
"Iraq","1980-1984",0.1666667,NA,1
"Iraq","1985-1989",0,NA,1
"Iraq","1990-1994",0,NA,1
"Iraq","1995-1999",0,NA,1
"Iraq","2000-2004",0,NA,1
"Iceland","1950-1954",1,8.73309,0
"Iceland","1955-1959",1,8.966221,0
"Iceland","1960-1964",1,9.014312,1
"Iceland","1965-1969",1,9.275016,1
"Iceland","1970-1974",1,9.298835,1
"Iceland","1975-1979",1,9.564708,1
"Iceland","1980-1984",1,9.808449,1
"Iceland","1985-1989",1,9.857358,1
"Iceland","1990-1994",1,9.954723,1
"Iceland","1995-1999",1,9.927636,1
"Iceland","2000-2004",1,10.11767,1
"Israel","1950-1954",NA,8.289317,0
"Israel","1955-1959",1,8.42516,0
"Israel","1960-1964",0.95,8.620045,1
"Israel","1965-1969",0.97,8.898729,1
"Israel","1970-1974",0.8333333,9.086753,1
"Israel","1975-1979",0.8333333,9.305582,1
"Israel","1980-1984",0.8333333,9.34363,1
"Israel","1985-1989",0.8333333,9.392495,1
"Israel","1990-1994",0.8333333,9.519797,1
"Israel","1995-1999",1,9.6899,1
"Israel","2000-2004",1,9.738237,1
"Italy","1950-1954",0.97,8.304736,0
"Italy","1955-1959",0.99,8.588603,0
"Italy","1960-1964",0.97,8.837732,1
"Italy","1965-1969",0.97,9.049049,1
"Italy","1970-1974",1,9.332002,1
"Italy","1975-1979",1,9.435337,1
"Italy","1980-1984",1,9.631416,1
"Italy","1985-1989",1,9.704334,1
"Italy","1990-1994",1,9.868263,1
"Italy","1995-1999",1,9.918014,1
"Italy","2000-2004",1,9.988757,1
"Jamaica","1950-1954",NA,NA,0
"Jamaica","1955-1959",NA,7.587536,0
"Jamaica","1960-1964",0.91,7.917863,0
"Jamaica","1965-1969",0.9,8.082705,0
"Jamaica","1970-1974",1,8.260118,1
"Jamaica","1975-1979",1,8.284571,1
"Jamaica","1980-1984",0.8333333,8.146678,1
"Jamaica","1985-1989",0.8333333,8.100238,1
"Jamaica","1990-1994",0.8333333,8.318845,1
"Jamaica","1995-1999",0.8333333,8.244399,1
"Jamaica","2000-2004",0.8333333,8.214085,1
"Jordan","1950-1954",0.36,NA,0
"Jordan","1955-1959",0.43,7.177885,0
"Jordan","1960-1964",0.32,7.734221,1
"Jordan","1965-1969",0.31,7.919852,1
"Jordan","1970-1974",0.1666667,7.708977,1
"Jordan","1975-1979",0.1666667,7.765361,1
"Jordan","1980-1984",0.1666667,8.306857,1
"Jordan","1985-1989",0.3333333,8.400855,1
"Jordan","1990-1994",0.3333333,8.148808,1
"Jordan","1995-1999",0.5,8.230902,1
"Jordan","2000-2004",0.5,8.267375,1
"Japan","1950-1954",NA,7.708295,0
"Japan","1955-1959",0.99,8.058745,0
"Japan","1960-1964",0.99,8.42168,1
"Japan","1965-1969",1,8.830431,1
"Japan","1970-1974",0.8333333,9.347801,1
"Japan","1975-1979",0.8333333,9.485228,1
"Japan","1980-1984",1,9.656223,1
"Japan","1985-1989",1,9.783747,1
"Japan","1990-1994",1,10.00876,1
"Japan","1995-1999",1,10.05485,1
"Japan","2000-2004",1,10.11356,1
"Kazakhstan","1950-1954",NA,NA,0
"Kazakhstan","1955-1959",NA,NA,0
"Kazakhstan","1960-1964",NA,NA,0
"Kazakhstan","1965-1969",NA,NA,0
"Kazakhstan","1970-1974",NA,NA,0
"Kazakhstan","1975-1979",NA,NA,0
"Kazakhstan","1980-1984",NA,NA,0
"Kazakhstan","1985-1989",NA,NA,0
"Kazakhstan","1990-1994",NA,NA,0
"Kazakhstan","1995-1999",0.1666667,8.656834,0
"Kazakhstan","2000-2004",0.1666667,8.908018,1
"Kenya","1950-1954",NA,6.543081,0
"Kenya","1955-1959",NA,6.51602,0
"Kenya","1960-1964",0.71,6.679399,0
"Kenya","1965-1969",0.58,6.741649,0
"Kenya","1970-1974",0.3333333,6.710691,1
"Kenya","1975-1979",0.3333333,7.036955,1
"Kenya","1980-1984",0.3333333,7.12166,1
"Kenya","1985-1989",0.1666667,7.04774,1
"Kenya","1990-1994",0.1666667,7.197484,1
"Kenya","1995-1999",0,7.133424,1
"Kenya","2000-2004",0.1666667,7.126381,1
"Kyrgyz Republic","1950-1954",NA,NA,0
"Kyrgyz Republic","1955-1959",NA,NA,0
"Kyrgyz Republic","1960-1964",NA,NA,0
"Kyrgyz Republic","1965-1969",NA,NA,0
"Kyrgyz Republic","1970-1974",NA,NA,0
"Kyrgyz Republic","1975-1979",NA,NA,0
"Kyrgyz Republic","1980-1984",NA,NA,0
"Kyrgyz Republic","1985-1989",NA,NA,0
"Kyrgyz Republic","1990-1994",NA,NA,0
"Kyrgyz Republic","1995-1999",0.5,7.839219,0
"Kyrgyz Republic","2000-2004",0.1666667,8.011205,1
"Cambodia","1950-1954",NA,NA,0
"Cambodia","1955-1959",0.33,NA,0
"Cambodia","1960-1964",0.39,NA,1
"Cambodia","1965-1969",0.36,NA,1
"Cambodia","1970-1974",0.1666667,NA,1
"Cambodia","1975-1979",0,NA,1
"Cambodia","1980-1984",0,NA,1
"Cambodia","1985-1989",0,NA,1
"Cambodia","1990-1994",0,NA,1
"Cambodia","1995-1999",0.1666667,7.076396,1
"Cambodia","2000-2004",0.1666667,NA,1
"Kiribati","1950-1954",NA,NA,0
"Kiribati","1955-1959",NA,NA,0
"Kiribati","1960-1964",NA,NA,0
"Kiribati","1965-1969",NA,NA,0
"Kiribati","1970-1974",NA,NA,0
"Kiribati","1975-1979",NA,NA,0
"Kiribati","1980-1984",0.8333333,NA,0
"Kiribati","1985-1989",1,NA,1
"Kiribati","1990-1994",1,NA,1
"Kiribati","1995-1999",1,NA,1
"Kiribati","2000-2004",1,NA,1
"St. Kitts and Nevis","1950-1954",NA,NA,0
"St. Kitts and Nevis","1955-1959",NA,NA,0
"St. Kitts and Nevis","1960-1964",NA,NA,0
"St. Kitts and Nevis","1965-1969",NA,NA,0
"St. Kitts and Nevis","1970-1974",NA,NA,0
"St. Kitts and Nevis","1975-1979",NA,NA,0
"St. Kitts and Nevis","1980-1984",NA,8.546586,0
"St. Kitts and Nevis","1985-1989",1,8.756536,0
"St. Kitts and Nevis","1990-1994",1,8.970687,1
"St. Kitts and Nevis","1995-1999",1,9.286465,1
"St. Kitts and Nevis","2000-2004",1,9.522664,1
"Korea","1950-1954",NA,NA,0
"Korea","1955-1959",NA,NA,0
"Korea","1960-1964",NA,NA,1
"Korea","1965-1969",NA,NA,1
"Korea","1970-1974",NA,NA,1
"Korea","1975-1979",NA,NA,1
"Korea","1980-1984",NA,NA,1
"Korea","1985-1989",NA,NA,1
"Korea","1990-1994",NA,NA,1
"Korea","1995-1999",NA,NA,1
"Korea","2000-2004",NA,NA,1
"Korea, Rep.","1950-1954",NA,NA,0
"Korea, Rep.","1955-1959",0.65,7.285283,0
"Korea, Rep.","1960-1964",0.52,7.310043,1
"Korea, Rep.","1965-1969",0.53,7.497014,1
"Korea, Rep.","1970-1974",0.3333333,7.906761,1
"Korea, Rep.","1975-1979",0.3333333,8.204275,1
"Korea, Rep.","1980-1984",0.3333333,8.47425,1
"Korea, Rep.","1985-1989",0.5,8.790099,1
"Korea, Rep.","1990-1994",0.8333333,9.205568,1
"Korea, Rep.","1995-1999",0.8333333,9.514257,1
"Korea, Rep.","2000-2004",0.8333333,9.672554,1
"Kuwait","1950-1954",NA,NA,0
"Kuwait","1955-1959",NA,NA,0
"Kuwait","1960-1964",NA,NA,0
"Kuwait","1965-1969",NA,NA,0
"Kuwait","1970-1974",0.5,NA,1
"Kuwait","1975-1979",0.5,NA,1
"Kuwait","1980-1984",0.1666667,NA,1
"Kuwait","1985-1989",0.5,NA,1
"Kuwait","1990-1994",0,NA,1
"Kuwait","1995-1999",0.3333333,NA,1
"Kuwait","2000-2004",0.5,NA,1
"Lao PDR","1950-1954",NA,NA,0
"Lao PDR","1955-1959",NA,NA,0
"Lao PDR","1960-1964",0.57,NA,1
"Lao PDR","1965-1969",0.43,NA,1
"Lao PDR","1970-1974",0.3333333,NA,1
"Lao PDR","1975-1979",0.1666667,NA,1
"Lao PDR","1980-1984",0,NA,1
"Lao PDR","1985-1989",0,NA,1
"Lao PDR","1990-1994",0.1666667,NA,1
"Lao PDR","1995-1999",0,NA,1
"Lao PDR","2000-2004",0,NA,1
"Lebanon","1950-1954",0.91,NA,0
"Lebanon","1955-1959",0.86,NA,0
"Lebanon","1960-1964",0.84,NA,1
"Lebanon","1965-1969",0.74,NA,1
"Lebanon","1970-1974",0.8333333,NA,1
"Lebanon","1975-1979",0.5,NA,1
"Lebanon","1980-1984",0.5,NA,1
"Lebanon","1985-1989",0.3333333,NA,1
"Lebanon","1990-1994",0.1666667,8.082907,1
"Lebanon","1995-1999",0.1666667,8.461366,1
"Lebanon","2000-2004",0.1666667,8.663174,1
"Liberia","1950-1954",0.54,NA,0
"Liberia","1955-1959",0.47,NA,0
"Liberia","1960-1964",0.47,NA,1
"Liberia","1965-1969",0.46,NA,1
"Liberia","1970-1974",0.1666667,NA,1
"Liberia","1975-1979",0.1666667,NA,1
"Liberia","1980-1984",0.1666667,NA,1
"Liberia","1985-1989",0.3333333,NA,1
"Liberia","1990-1994",0,NA,1
"Liberia","1995-1999",0,NA,1
"Liberia","2000-2004",0.3333333,NA,1
"Libya","1950-1954",NA,NA,0
"Libya","1955-1959",NA,NA,0
"Libya","1960-1964",0.31,NA,1
"Libya","1965-1969",0.34,NA,1
"Libya","1970-1974",0,NA,1
"Libya","1975-1979",0,NA,1
"Libya","1980-1984",0.1666667,NA,1
"Libya","1985-1989",0.1666667,NA,1
"Libya","1990-1994",0,NA,1
"Libya","1995-1999",0,NA,1
"Libya","2000-2004",0,NA,1
"St. Lucia","1950-1954",NA,NA,0
"St. Lucia","1955-1959",NA,NA,0
"St. Lucia","1960-1964",NA,NA,0
"St. Lucia","1965-1969",NA,NA,0
"St. Lucia","1970-1974",NA,NA,0
"St. Lucia","1975-1979",NA,NA,0
"St. Lucia","1980-1984",0.8333333,8.082571,0
"St. Lucia","1985-1989",1,8.152157,1
"St. Lucia","1990-1994",1,8.637772,1
"St. Lucia","1995-1999",1,8.751712,1
"St. Lucia","2000-2004",1,8.753119,1
"Liechtenstein","1950-1954",NA,NA,0
"Liechtenstein","1955-1959",NA,NA,0
"Liechtenstein","1960-1964",NA,NA,1
"Liechtenstein","1965-1969",NA,NA,1
"Liechtenstein","1970-1974",0.5,NA,1
"Liechtenstein","1975-1979",NA,NA,1
"Liechtenstein","1980-1984",NA,NA,1
"Liechtenstein","1985-1989",NA,NA,1
"Liechtenstein","1990-1994",NA,NA,1
"Liechtenstein","1995-1999",1,NA,1
"Liechtenstein","2000-2004",1,NA,1
"Sri Lanka","1950-1954",NA,7.131373,0
"Sri Lanka","1955-1959",1,7.178453,0
"Sri Lanka","1960-1964",0.94,7.195235,1
"Sri Lanka","1965-1969",0.86,7.233606,1
"Sri Lanka","1970-1974",0.8333333,7.3508,1
"Sri Lanka","1975-1979",0.8333333,7.41386,1
"Sri Lanka","1980-1984",0.8333333,7.489711,1
"Sri Lanka","1985-1989",0.6666667,7.723791,1
"Sri Lanka","1990-1994",0.5,7.830053,1
"Sri Lanka","1995-1999",0.5,8.028013,1
"Sri Lanka","2000-2004",0.6666667,8.10163,1
"Lesotho","1950-1954",NA,NA,0
"Lesotho","1955-1959",NA,NA,0
"Lesotho","1960-1964",NA,6.548558,0
"Lesotho","1965-1969",NA,6.762671,0
"Lesotho","1970-1974",0,6.783237,0
"Lesotho","1975-1979",0.3333333,6.959955,1
"Lesotho","1980-1984",0.3333333,7.213881,1
"Lesotho","1985-1989",0.3333333,7.179348,1
"Lesotho","1990-1994",0.1666667,7.222058,1
"Lesotho","1995-1999",0.5,7.207245,1
"Lesotho","2000-2004",0.5,7.37254,1
"Lithuania","1950-1954",NA,NA,0
"Lithuania","1955-1959",NA,NA,0
"Lithuania","1960-1964",NA,NA,1
"Lithuania","1965-1969",NA,NA,1
"Lithuania","1970-1974",NA,NA,1
"Lithuania","1975-1979",NA,NA,1
"Lithuania","1980-1984",NA,NA,1
"Lithuania","1985-1989",NA,NA,1
"Lithuania","1990-1994",NA,NA,1
"Lithuania","1995-1999",1,8.737635,1
"Lithuania","2000-2004",1,8.889239,1
"Luxembourg","1950-1954",1,9.231618,0
"Luxembourg","1955-1959",1,9.244015,0
"Luxembourg","1960-1964",1,9.367659,1
"Luxembourg","1965-1969",0.98,9.481506,1
"Luxembourg","1970-1974",0.8333333,9.623864,1
"Luxembourg","1975-1979",0.8333333,9.696674,1
"Luxembourg","1980-1984",1,9.790245,1
"Luxembourg","1985-1989",1,9.905174,1
"Luxembourg","1990-1994",1,10.19956,1
"Luxembourg","1995-1999",1,10.44502,1
"Luxembourg","2000-2004",1,10.6917,1
"Latvia","1950-1954",NA,NA,0
"Latvia","1955-1959",NA,NA,0
"Latvia","1960-1964",NA,NA,1
"Latvia","1965-1969",NA,NA,1
"Latvia","1970-1974",NA,NA,1
"Latvia","1975-1979",NA,NA,1
"Latvia","1980-1984",NA,NA,1
"Latvia","1985-1989",NA,NA,1
"Latvia","1990-1994",NA,9.204279,1
"Latvia","1995-1999",0.8333333,8.695889,1
"Latvia","2000-2004",1,8.942823,1
"Morocco","1950-1954",NA,7.186028,0
"Morocco","1955-1959",NA,7.176,0
"Morocco","1960-1964",0.41,7.176346,0
"Morocco","1965-1969",0.32,7.585205,1
"Morocco","1970-1974",0.3333333,7.723347,1
"Morocco","1975-1979",0.3333333,7.836394,1
"Morocco","1980-1984",0.5,8.00448,1
"Morocco","1985-1989",0.5,8.051818,1
"Morocco","1990-1994",0.5,8.174837,1
"Morocco","1995-1999",0.3333333,8.140558,1
"Morocco","2000-2004",0.3333333,8.220592,1
"Moldova","1950-1954",NA,NA,0
"Moldova","1955-1959",NA,NA,0
"Moldova","1960-1964",NA,NA,0
"Moldova","1965-1969",NA,NA,0
"Moldova","1970-1974",NA,NA,0
"Moldova","1975-1979",NA,NA,0
"Moldova","1980-1984",NA,NA,0
"Moldova","1985-1989",NA,NA,0
"Moldova","1990-1994",NA,NA,0
"Moldova","1995-1999",0.5,7.774394,0
"Moldova","2000-2004",0.8333333,7.642906,1
"Madagascar","1950-1954",NA,NA,0
"Madagascar","1955-1959",NA,NA,0
"Madagascar","1960-1964",0.92,7.122519,0
"Madagascar","1965-1969",0.83,7.029944,1
"Madagascar","1970-1974",0.3333333,7.149919,1
"Madagascar","1975-1979",0.3333333,7.074652,1
"Madagascar","1980-1984",0.1666667,6.990982,1
"Madagascar","1985-1989",0.3333333,6.863005,1
"Madagascar","1990-1994",0.5,6.803911,1
"Madagascar","1995-1999",0.8333333,6.708395,1
"Madagascar","2000-2004",0.8333333,6.728495,1
"Maldives","1950-1954",NA,NA,0
"Maldives","1955-1959",NA,NA,0
"Maldives","1960-1964",NA,NA,0
"Maldives","1965-1969",NA,NA,0
"Maldives","1970-1974",0.6666667,NA,1
"Maldives","1975-1979",0.5,NA,1
"Maldives","1980-1984",0.3333333,NA,1
"Maldives","1985-1989",0.3333333,NA,1
"Maldives","1990-1994",0.1666667,NA,1
"Maldives","1995-1999",0.1666667,NA,1
"Maldives","2000-2004",0.1666667,NA,1
"Mexico","1950-1954",0.74,8.002966,0
"Mexico","1955-1959",NA,8.154305,0
"Mexico","1960-1964",0.8,8.289124,1
"Mexico","1965-1969",0.75,8.469162,1
"Mexico","1970-1974",0.3333333,8.616492,1
"Mexico","1975-1979",0.5,8.774226,1
"Mexico","1980-1984",0.6666667,8.943083,1
"Mexico","1985-1989",0.5,8.945503,1
"Mexico","1990-1994",0.5,8.900249,1
"Mexico","1995-1999",0.5,8.878354,1
"Mexico","2000-2004",0.8333333,9.078218,1
"Macedonia, FYR","1950-1954",NA,NA,0
"Macedonia, FYR","1955-1959",NA,NA,0
"Macedonia, FYR","1960-1964",NA,NA,0
"Macedonia, FYR","1965-1969",NA,NA,0
"Macedonia, FYR","1970-1974",NA,NA,0
"Macedonia, FYR","1975-1979",NA,NA,0
"Macedonia, FYR","1980-1984",NA,NA,0
"Macedonia, FYR","1985-1989",NA,NA,0
"Macedonia, FYR","1990-1994",NA,NA,0
"Macedonia, FYR","1995-1999",0.5,8.416305,0
"Macedonia, FYR","2000-2004",0.5,8.545053,1
"Mali","1950-1954",NA,NA,0
"Mali","1955-1959",NA,NA,0
"Mali","1960-1964",0.53,6.890221,0
"Mali","1965-1969",0.37,6.657802,1
"Mali","1970-1974",0,6.66431,1
"Mali","1975-1979",0,6.740712,1
"Mali","1980-1984",0,6.850566,1
"Mali","1985-1989",0,6.755792,1
"Mali","1990-1994",0.1666667,6.626314,1
"Mali","1995-1999",0.8333333,6.69913,1
"Mali","2000-2004",0.8333333,6.876678,1
"Malta","1950-1954",NA,NA,0
"Malta","1955-1959",NA,NA,0
"Malta","1960-1964",NA,NA,0
"Malta","1965-1969",NA,NA,0
"Malta","1970-1974",1,NA,1
"Malta","1975-1979",1,NA,1
"Malta","1980-1984",0.8333333,NA,1
"Malta","1985-1989",0.8333333,NA,1
"Malta","1990-1994",1,NA,1
"Malta","1995-1999",1,9.431823,1
"Malta","2000-2004",1,NA,1
"Myanmar","1950-1954",NA,NA,0
"Myanmar","1955-1959",0.93,NA,0
"Myanmar","1960-1964",0.63,NA,1
"Myanmar","1965-1969",NA,NA,1
"Myanmar","1970-1974",0,NA,1
"Myanmar","1975-1979",0.1666667,NA,1
"Myanmar","1980-1984",0,NA,1
"Myanmar","1985-1989",0,NA,1
"Myanmar","1990-1994",0,NA,1
"Myanmar","1995-1999",0,NA,1
"Myanmar","2000-2004",0,NA,1
"Mongolia","1950-1954",0.12,NA,0
"Mongolia","1955-1959",0.11,NA,0
"Mongolia","1960-1964",0.22,NA,1
"Mongolia","1965-1969",0.16,NA,1
"Mongolia","1970-1974",0,NA,1
"Mongolia","1975-1979",0,NA,1
"Mongolia","1980-1984",0,NA,1
"Mongolia","1985-1989",0,NA,1
"Mongolia","1990-1994",0.5,NA,1
"Mongolia","1995-1999",0.8333333,NA,1
"Mongolia","2000-2004",0.8333333,NA,1
"Modena","1950-1954",NA,NA,0
"Modena","1955-1959",NA,NA,0
"Modena","1960-1964",NA,NA,0
"Modena","1965-1969",NA,NA,0
"Modena","1970-1974",NA,NA,0
"Modena","1975-1979",NA,NA,0
"Modena","1980-1984",NA,NA,0
"Modena","1985-1989",NA,NA,0
"Modena","1990-1994",NA,NA,0
"Modena","1995-1999",NA,NA,0
"Modena","2000-2004",NA,NA,0
"Mozambique","1950-1954",NA,NA,0
"Mozambique","1955-1959",NA,NA,0
"Mozambique","1960-1964",NA,7.364519,0
"Mozambique","1965-1969",0.12,7.419017,0
"Mozambique","1970-1974",NA,7.359494,0
"Mozambique","1975-1979",0.1666667,7.460438,0
"Mozambique","1980-1984",0,7.029049,1
"Mozambique","1985-1989",0.1666667,6.654599,1
"Mozambique","1990-1994",0.1666667,6.830688,1
"Mozambique","1995-1999",0.6666667,6.688275,1
"Mozambique","2000-2004",0.6666667,6.944121,1
"Mauritania","1950-1954",NA,NA,0
"Mauritania","1955-1959",NA,NA,0
"Mauritania","1960-1964",0.67,6.951782,0
"Mauritania","1965-1969",0.59,7.438795,1
"Mauritania","1970-1974",0.1666667,7.53964,1
"Mauritania","1975-1979",0.1666667,7.490358,1
"Mauritania","1980-1984",0,7.545162,1
"Mauritania","1985-1989",0,7.313798,1
"Mauritania","1990-1994",0,7.166897,1
"Mauritania","1995-1999",0.1666667,7.139542,1
"Mauritania","2000-2004",0.1666667,NA,1
"Mauritius","1950-1954",NA,8.571584,0
"Mauritius","1955-1959",NA,8.450212,0
"Mauritius","1960-1964",NA,8.057663,0
"Mauritius","1965-1969",NA,8.355584,0
"Mauritius","1970-1974",0.6666667,8.295341,0
"Mauritius","1975-1979",0.8333333,8.45127,1
"Mauritius","1980-1984",0.8333333,8.658683,1
"Mauritius","1985-1989",0.8333333,8.832932,1
"Mauritius","1990-1994",0.8333333,9.105606,1
"Mauritius","1995-1999",1,9.335156,1
"Mauritius","2000-2004",1,9.541922,1
"Malawi","1950-1954",NA,NA,0
"Malawi","1955-1959",NA,6.055119,0
"Malawi","1960-1964",NA,6.03681,0
"Malawi","1965-1969",0.58,6.17475,0
"Malawi","1970-1974",0,6.120677,1
"Malawi","1975-1979",0,6.389271,1
"Malawi","1980-1984",0.1666667,6.482756,1
"Malawi","1985-1989",0.1666667,6.476879,1
"Malawi","1990-1994",0,6.430699,1
"Malawi","1995-1999",0.8333333,6.51129,1
"Malawi","2000-2004",0.6666667,6.664136,1
"Malaysia","1950-1954",NA,NA,0
"Malaysia","1955-1959",NA,7.582372,0
"Malaysia","1960-1964",0.84,7.658714,0
"Malaysia","1965-1969",0.8,7.823121,1
"Malaysia","1970-1974",0.8333333,7.966764,1
"Malaysia","1975-1979",0.6666667,8.186017,1
"Malaysia","1980-1984",0.6666667,8.492172,1
"Malaysia","1985-1989",0.6666667,8.603088,1
"Malaysia","1990-1994",0.3333333,8.783339,1
"Malaysia","1995-1999",0.5,9.071631,1
"Malaysia","2000-2004",0.3333333,9.202227,1
"Namibia","1950-1954",NA,NA,0
"Namibia","1955-1959",NA,NA,0
"Namibia","1960-1964",NA,8.097447,0
"Namibia","1965-1969",NA,8.332298,0
"Namibia","1970-1974",NA,8.470129,0
"Namibia","1975-1979",NA,8.612038,0
"Namibia","1980-1984",NA,8.391611,0
"Namibia","1985-1989",NA,8.400318,0
"Namibia","1990-1994",0.8333333,8.319297,0
"Namibia","1995-1999",0.8333333,8.39278,1
"Namibia","2000-2004",0.8333333,NA,1
"Niger","1950-1954",NA,NA,0
"Niger","1955-1959",NA,NA,0
"Niger","1960-1964",0.57,7.392861,0
"Niger","1965-1969",0.16,7.466524,1
"Niger","1970-1974",0.1666667,7.325603,1
"Niger","1975-1979",0,7.056677,1
"Niger","1980-1984",0,7.032337,1
"Niger","1985-1989",0,6.7974,1
"Niger","1990-1994",0.1666667,6.85442,1
"Niger","1995-1999",0.6666667,6.716748,1
"Niger","2000-2004",0.5,6.774415,1
"Nigeria","1950-1954",NA,6.622696,0
"Nigeria","1955-1959",NA,6.739598,0
"Nigeria","1960-1964",0.87,6.939947,0
"Nigeria","1965-1969",0.49,6.969365,1
"Nigeria","1970-1974",0.1666667,7.015095,1
"Nigeria","1975-1979",0.1666667,6.97206,1
"Nigeria","1980-1984",0.8333333,7.102584,1
"Nigeria","1985-1989",0,6.935002,1
"Nigeria","1990-1994",0.3333333,6.998362,1
"Nigeria","1995-1999",0,6.830782,1
"Nigeria","2000-2004",0.5,6.560809,1
"Nicaragua","1950-1954",0.41,7.647715,0
"Nicaragua","1955-1959",0.53,7.935471,0
"Nicaragua","1960-1964",0.49,7.964466,1
"Nicaragua","1965-1969",0.55,8.247722,1
"Nicaragua","1970-1974",0.5,8.28903,1
"Nicaragua","1975-1979",0.3333333,8.372661,1
"Nicaragua","1980-1984",0.3333333,8.01919,1
"Nicaragua","1985-1989",0.3333333,8.002988,1
"Nicaragua","1990-1994",0.6666667,7.718805,1
"Nicaragua","1995-1999",0.5,7.506292,1
"Nicaragua","2000-2004",0.6666667,7.47715,1
"Netherlands","1950-1954",1,8.846285,0
"Netherlands","1955-1959",1,9.01467,0
"Netherlands","1960-1964",1,9.13194,1
"Netherlands","1965-1969",1,9.300868,1
"Netherlands","1970-1974",1,9.496997,1
"Netherlands","1975-1979",1,9.601299,1
"Netherlands","1980-1984",1,9.694074,1
"Netherlands","1985-1989",1,9.730054,1
"Netherlands","1990-1994",1,9.877166,1
"Netherlands","1995-1999",1,9.94662,1
"Netherlands","2000-2004",1,10.09876,1
"Norway","1950-1954",1,8.799761,0
"Norway","1955-1959",1,8.935828,0
"Norway","1960-1964",1,9.016792,1
"Norway","1965-1969",1,9.190365,1
"Norway","1970-1974",1,9.322586,1
"Norway","1975-1979",1,9.54068,1
"Norway","1980-1984",1,9.730227,1
"Norway","1985-1989",1,9.867865,1
"Norway","1990-1994",1,9.925536,1
"Norway","1995-1999",1,10.0813,1
"Norway","2000-2004",1,10.20583,1
"Nepal","1950-1954",0.12,NA,0
"Nepal","1955-1959",NA,NA,0
"Nepal","1960-1964",0.4,6.657564,1
"Nepal","1965-1969",0.29,6.651843,1
"Nepal","1970-1974",0.1666667,6.704073,1
"Nepal","1975-1979",0.1666667,6.784991,1
"Nepal","1980-1984",0.6666667,6.756389,1
"Nepal","1985-1989",0.6666667,6.908319,1
"Nepal","1990-1994",0.5,6.99108,1
"Nepal","1995-1999",0.6666667,7.124873,1
"Nepal","2000-2004",0.6666667,7.285717,1
"New Zealand","1950-1954",1,9.176184,0
"New Zealand","1955-1959",1,9.209663,0
"New Zealand","1960-1964",1,9.353518,1
"New Zealand","1965-1969",1,9.511593,1
"New Zealand","1970-1974",1,9.52262,1
"New Zealand","1975-1979",1,9.628115,1
"New Zealand","1980-1984",1,9.563643,1
"New Zealand","1985-1989",1,9.69045,1
"New Zealand","1990-1994",1,9.690828,1
"New Zealand","1995-1999",1,9.76537,1
"New Zealand","2000-2004",1,9.842444,1
"Orange Free State","1950-1954",NA,NA,0
"Orange Free State","1955-1959",NA,NA,0
"Orange Free State","1960-1964",NA,NA,0
"Orange Free State","1965-1969",NA,NA,0
"Orange Free State","1970-1974",NA,NA,0
"Orange Free State","1975-1979",NA,NA,0
"Orange Free State","1980-1984",NA,NA,0
"Orange Free State","1985-1989",NA,NA,0
"Orange Free State","1990-1994",NA,NA,0
"Orange Free State","1995-1999",NA,NA,0
"Orange Free State","2000-2004",NA,NA,0
"Oman","1950-1954",NA,NA,0
"Oman","1955-1959",NA,NA,0
"Oman","1960-1964",NA,NA,1
"Oman","1965-1969",NA,NA,1
"Oman","1970-1974",0,NA,1
"Oman","1975-1979",0,NA,1
"Oman","1980-1984",0.1666667,NA,1
"Oman","1985-1989",0.1666667,NA,1
"Oman","1990-1994",0.1666667,NA,1
"Oman","1995-1999",0.1666667,NA,1
"Oman","2000-2004",0.1666667,NA,1
"Pakistan-post-1972","1950-1954",NA,NA,0
"Pakistan-post-1972","1955-1959",NA,NA,0
"Pakistan-post-1972","1960-1964",NA,NA,0
"Pakistan-post-1972","1965-1969",NA,NA,0
"Pakistan-post-1972","1970-1974",0.6666667,NA,0
"Pakistan-post-1972","1975-1979",0.3333333,6.926908,0
"Pakistan-post-1972","1980-1984",0,7.049308,1
"Pakistan-post-1972","1985-1989",0.5,7.275558,1
"Pakistan-post-1972","1990-1994",0.5,7.465782,1
"Pakistan-post-1972","1995-1999",0.6666667,7.551351,1
"Pakistan-post-1972","2000-2004",0.1666667,7.604745,1
"Pakistan-pre-1972","1950-1954",NA,6.50547,0
"Pakistan-pre-1972","1955-1959",NA,6.57761,0
"Pakistan-pre-1972","1960-1964",0.4,6.450712,1
"Pakistan-pre-1972","1965-1969",0.63,6.614855,1
"Pakistan-pre-1972","1970-1974",NA,6.848849,1
"Pakistan-pre-1972","1975-1979",NA,NA,1
"Pakistan-pre-1972","1980-1984",NA,NA,1
"Pakistan-pre-1972","1985-1989",NA,NA,1
"Pakistan-pre-1972","1990-1994",NA,NA,1
"Pakistan-pre-1972","1995-1999",NA,NA,1
"Pakistan-pre-1972","2000-2004",NA,NA,1
"Panama","1950-1954",0.7,7.585534,0
"Panama","1955-1959",0.73,7.647482,0
"Panama","1960-1964",0.75,7.751285,1
"Panama","1965-1969",0.77,8.008891,1
"Panama","1970-1974",0,8.249015,1
"Panama","1975-1979",0,8.346293,1
"Panama","1980-1984",0.5,8.583906,1
"Panama","1985-1989",0.1666667,8.673018,1
"Panama","1990-1994",0.5,8.514949,1
"Panama","1995-1999",0.8333333,8.634871,1
"Panama","2000-2004",1,8.710505,1
"Papal States","1950-1954",NA,NA,0
"Papal States","1955-1959",NA,NA,0
"Papal States","1960-1964",NA,NA,0
"Papal States","1965-1969",NA,NA,0
"Papal States","1970-1974",NA,NA,0
"Papal States","1975-1979",NA,NA,0
"Papal States","1980-1984",NA,NA,0
"Papal States","1985-1989",NA,NA,0
"Papal States","1990-1994",NA,NA,0
"Papal States","1995-1999",NA,NA,0
"Papal States","2000-2004",NA,NA,0
"Peru","1950-1954",0.4,7.819401,0
"Peru","1955-1959",0.77,8.024429,0
"Peru","1960-1964",0.83,8.07968,1
"Peru","1965-1969",0.87,8.306534,1
"Peru","1970-1974",0,8.452364,1
"Peru","1975-1979",0.1666667,8.582943,1
"Peru","1980-1984",0.8333333,8.497258,1
"Peru","1985-1989",0.8333333,8.382646,1
"Peru","1990-1994",0.6666667,8.184428,1
"Peru","1995-1999",0.3333333,8.395685,1
"Peru","2000-2004",0.6666667,8.431426,1
"Philippines","1950-1954",0.76,7.202755,0
"Philippines","1955-1959",0.9,7.441252,0
"Philippines","1960-1964",0.93,7.608164,1
"Philippines","1965-1969",0.93,7.700883,1
"Philippines","1970-1974",0.5,7.781599,1
"Philippines","1975-1979",0.3333333,7.935596,1
"Philippines","1980-1984",0.3333333,8.098315,1
"Philippines","1985-1989",0.5,7.923011,1
"Philippines","1990-1994",0.6666667,8.00947,1
"Philippines","1995-1999",0.8333333,8.0161,1
"Philippines","2000-2004",0.8333333,8.138867,1
"Parma","1950-1954",NA,NA,0
"Parma","1955-1959",NA,NA,0
"Parma","1960-1964",NA,NA,0
"Parma","1965-1969",NA,NA,0
"Parma","1970-1974",NA,NA,0
"Parma","1975-1979",NA,NA,0
"Parma","1980-1984",NA,NA,0
"Parma","1985-1989",NA,NA,0
"Parma","1990-1994",NA,NA,0
"Parma","1995-1999",NA,NA,0
"Parma","2000-2004",NA,NA,0
"Papua New Guinea","1950-1954",NA,NA,0
"Papua New Guinea","1955-1959",NA,NA,0
"Papua New Guinea","1960-1964",NA,7.685717,0
"Papua New Guinea","1965-1969",NA,7.961848,0
"Papua New Guinea","1970-1974",NA,7.959229,0
"Papua New Guinea","1975-1979",0.6666667,8.184258,0
"Papua New Guinea","1980-1984",0.8333333,8.045626,1
"Papua New Guinea","1985-1989",0.8333333,8.027691,1
"Papua New Guinea","1990-1994",0.8333333,7.966026,1
"Papua New Guinea","1995-1999",0.8333333,8.177335,1
"Papua New Guinea","2000-2004",0.8333333,NA,1
"Poland","1950-1954",0.41,NA,0
"Poland","1955-1959",0.21,NA,0
"Poland","1960-1964",0.24,NA,1
"Poland","1965-1969",0.22,NA,1
"Poland","1970-1974",0.1666667,NA,1
"Poland","1975-1979",0.1666667,NA,1
"Poland","1980-1984",0.1666667,8.858294,1
"Poland","1985-1989",0.1666667,8.771687,1
"Poland","1990-1994",0.8333333,8.794974,1
"Poland","1995-1999",1,8.893109,1
"Poland","2000-2004",1,9.128801,1
"Korea, Dem. Rep.","1950-1954",NA,NA,0
"Korea, Dem. Rep.","1955-1959",NA,NA,0
"Korea, Dem. Rep.","1960-1964",0.21,NA,1
"Korea, Dem. Rep.","1965-1969",0.21,NA,1
"Korea, Dem. Rep.","1970-1974",0,NA,1
"Korea, Dem. Rep.","1975-1979",0,NA,1
"Korea, Dem. Rep.","1980-1984",0,NA,1
"Korea, Dem. Rep.","1985-1989",0,NA,1
"Korea, Dem. Rep.","1990-1994",0,NA,1
"Korea, Dem. Rep.","1995-1999",0,NA,1
"Korea, Dem. Rep.","2000-2004",0,NA,1
"Portugal","1950-1954",0.44,7.703648,0
"Portugal","1955-1959",0.44,7.941837,0
"Portugal","1960-1964",0.42,8.140011,1
"Portugal","1965-1969",0.39,8.423364,1
"Portugal","1970-1974",0.3333333,8.747725,1
"Portugal","1975-1979",0.3333333,8.914448,1
"Portugal","1980-1984",0.8333333,9.10981,1
"Portugal","1985-1989",1,9.128251,1
"Portugal","1990-1994",1,9.417906,1
"Portugal","1995-1999",1,9.47473,1
"Portugal","2000-2004",1,9.675546,1
"Paraguay","1950-1954",0.45,NA,0
"Paraguay","1955-1959",0.44,7.785094,0
"Paraguay","1960-1964",0.39,7.793753,1
"Paraguay","1965-1969",0.45,7.851269,1
"Paraguay","1970-1974",0.5,7.963511,1
"Paraguay","1975-1979",0.3333333,8.101874,1
"Paraguay","1980-1984",0.3333333,8.408973,1
"Paraguay","1985-1989",0.3333333,8.376948,1
"Paraguay","1990-1994",0.5,8.509608,1
"Paraguay","1995-1999",0.5,8.587156,1
"Paraguay","2000-2004",0.5,8.451826,1
"Qatar","1950-1954",NA,NA,0
"Qatar","1955-1959",NA,NA,0
"Qatar","1960-1964",NA,NA,0
"Qatar","1965-1969",NA,NA,0
"Qatar","1970-1974",0.1666667,NA,0
"Qatar","1975-1979",0.1666667,NA,0
"Qatar","1980-1984",0.3333333,NA,1
"Qatar","1985-1989",0.3333333,NA,1
"Qatar","1990-1994",0,NA,1
"Qatar","1995-1999",0,NA,1
"Qatar","2000-2004",0.1666667,NA,1
"Romania","1950-1954",0.23,NA,0
"Romania","1955-1959",0.3,NA,0
"Romania","1960-1964",0.2,6.945526,1
"Romania","1965-1969",0.21,7.315963,1
"Romania","1970-1974",0,7.628484,1
"Romania","1975-1979",0,8.031935,1
"Romania","1980-1984",0,7.664037,1
"Romania","1985-1989",0,8.659968,1
"Romania","1990-1994",0.1666667,8.474678,1
"Romania","1995-1999",0.5,8.46146,1
"Romania","2000-2004",0.8333333,8.362939,1
"Russia","1950-1954",NA,NA,0
"Russia","1955-1959",NA,NA,0
"Russia","1960-1964",NA,NA,1
"Russia","1965-1969",NA,NA,1
"Russia","1970-1974",NA,NA,1
"Russia","1975-1979",NA,NA,1
"Russia","1980-1984",NA,NA,1
"Russia","1985-1989",NA,NA,1
"Russia","1990-1994",NA,NA,1
"Russia","1995-1999",0.6666667,8.878406,1
"Russia","2000-2004",0.3333333,8.988348,1
"Rwanda","1950-1954",NA,NA,0
"Rwanda","1955-1959",NA,NA,0
"Rwanda","1960-1964",0.31,6.843564,0
"Rwanda","1965-1969",0.3,6.600103,0
"Rwanda","1970-1974",0,6.787419,1
"Rwanda","1975-1979",0,6.752532,1
"Rwanda","1980-1984",0.1666667,7.00038,1
"Rwanda","1985-1989",0.1666667,6.978871,1
"Rwanda","1990-1994",0.1666667,6.972079,1
"Rwanda","1995-1999",0,6.607646,1
"Rwanda","2000-2004",0,6.797143,1
"Sardinia","1950-1954",NA,NA,0
"Sardinia","1955-1959",NA,NA,0
"Sardinia","1960-1964",NA,NA,0
"Sardinia","1965-1969",NA,NA,0
"Sardinia","1970-1974",NA,NA,0
"Sardinia","1975-1979",NA,NA,0
"Sardinia","1980-1984",NA,NA,0
"Sardinia","1985-1989",NA,NA,0
"Sardinia","1990-1994",NA,NA,0
"Sardinia","1995-1999",NA,NA,0
"Sardinia","2000-2004",NA,NA,0
"Saudi Arabia","1950-1954",0.11,NA,0
"Saudi Arabia","1955-1959",0.11,NA,0
"Saudi Arabia","1960-1964",0.12,NA,1
"Saudi Arabia","1965-1969",0.1,NA,1
"Saudi Arabia","1970-1974",0.1666667,NA,1
"Saudi Arabia","1975-1979",0.1666667,NA,1
"Saudi Arabia","1980-1984",0.1666667,NA,1
"Saudi Arabia","1985-1989",0.1666667,NA,1
"Saudi Arabia","1990-1994",0,NA,1
"Saudi Arabia","1995-1999",0,NA,1
"Saudi Arabia","2000-2004",0,NA,1
"Saxony","1950-1954",NA,NA,0
"Saxony","1955-1959",NA,NA,0
"Saxony","1960-1964",NA,NA,0
"Saxony","1965-1969",NA,NA,0
"Saxony","1970-1974",NA,NA,0
"Saxony","1975-1979",NA,NA,0
"Saxony","1980-1984",NA,NA,0
"Saxony","1985-1989",NA,NA,0
"Saxony","1990-1994",NA,NA,0
"Saxony","1995-1999",NA,NA,0
"Saxony","2000-2004",NA,NA,0
"Sudan","1950-1954",NA,NA,0
"Sudan","1955-1959",NA,NA,0
"Sudan","1960-1964",0.25,NA,0
"Sudan","1965-1969",0.38,NA,1
"Sudan","1970-1974",0.1666667,NA,1
"Sudan","1975-1979",0.1666667,NA,1
"Sudan","1980-1984",0.3333333,NA,1
"Sudan","1985-1989",0.1666667,NA,1
"Sudan","1990-1994",0,NA,1
"Sudan","1995-1999",0,NA,1
"Sudan","2000-2004",0,NA,1
"Senegal","1950-1954",NA,NA,0
"Senegal","1955-1959",NA,NA,0
"Senegal","1960-1964",NA,7.50525,0
"Senegal","1965-1969",NA,7.442279,1
"Senegal","1970-1974",0.1666667,7.394487,1
"Senegal","1975-1979",0.1666667,7.362354,1
"Senegal","1980-1984",0.5,7.287621,1
"Senegal","1985-1989",0.6666667,7.306947,1
"Senegal","1990-1994",0.5,7.316562,1
"Senegal","1995-1999",0.5,7.284021,1
"Senegal","2000-2004",0.6666667,7.391289,1
"Serbia","1950-1954",NA,NA,0
"Serbia","1955-1959",NA,NA,0
"Serbia","1960-1964",NA,NA,0
"Serbia","1965-1969",NA,NA,0
"Serbia","1970-1974",NA,NA,0
"Serbia","1975-1979",NA,NA,0
"Serbia","1980-1984",NA,NA,0
"Serbia","1985-1989",NA,NA,0
"Serbia","1990-1994",NA,NA,0
"Serbia","1995-1999",NA,NA,0
"Serbia","2000-2004",NA,NA,0
"Singapore","1950-1954",NA,NA,0
"Singapore","1955-1959",NA,NA,0
"Singapore","1960-1964",0.81,7.678224,0
"Singapore","1965-1969",0.77,8.034787,0
"Singapore","1970-1974",0.3333333,8.571418,1
"Singapore","1975-1979",0.3333333,8.972173,1
"Singapore","1980-1984",0.3333333,9.34695,1
"Singapore","1985-1989",0.5,9.512479,1
"Singapore","1990-1994",0.5,9.79439,1
"Singapore","1995-1999",0.3333333,10.02757,1
"Singapore","2000-2004",0.3333333,NA,1
"Two Sicilies","1950-1954",NA,NA,0
"Two Sicilies","1955-1959",NA,NA,0
"Two Sicilies","1960-1964",NA,NA,0
"Two Sicilies","1965-1969",NA,NA,0
"Two Sicilies","1970-1974",NA,NA,0
"Two Sicilies","1975-1979",NA,NA,0
"Two Sicilies","1980-1984",NA,NA,0
"Two Sicilies","1985-1989",NA,NA,0
"Two Sicilies","1990-1994",NA,NA,0
"Two Sicilies","1995-1999",NA,NA,0
"Two Sicilies","2000-2004",NA,NA,0
"Solomon Islands","1950-1954",NA,NA,0
"Solomon Islands","1955-1959",NA,NA,0
"Solomon Islands","1960-1964",NA,NA,0
"Solomon Islands","1965-1969",NA,NA,0
"Solomon Islands","1970-1974",NA,NA,0
"Solomon Islands","1975-1979",NA,NA,0
"Solomon Islands","1980-1984",0.8333333,NA,0
"Solomon Islands","1985-1989",0.8333333,NA,1
"Solomon Islands","1990-1994",1,NA,1
"Solomon Islands","1995-1999",1,NA,1
"Solomon Islands","2000-2004",0.5,NA,1
"Sierra Leone","1950-1954",NA,NA,0
"Sierra Leone","1955-1959",NA,NA,0
"Sierra Leone","1960-1964",0.94,NA,0
"Sierra Leone","1965-1969",0.75,7.128407,0
"Sierra Leone","1970-1974",0.5,7.310796,1
"Sierra Leone","1975-1979",0.1666667,7.255608,1
"Sierra Leone","1980-1984",0.3333333,7.119874,1
"Sierra Leone","1985-1989",0.3333333,7.098263,1
"Sierra Leone","1990-1994",0.1666667,7.157906,1
"Sierra Leone","1995-1999",0,6.789893,1
"Sierra Leone","2000-2004",0.5,NA,1
"El Salvador","1950-1954",0.54,7.948096,0
"El Salvador","1955-1959",0.54,8.06926,0
"El Salvador","1960-1964",0.54,8.104618,1
"El Salvador","1965-1969",0.72,8.268486,1
"El Salvador","1970-1974",0.8333333,8.328597,1
"El Salvador","1975-1979",0.8333333,8.403013,1
"El Salvador","1980-1984",0.1666667,8.332961,1
"El Salvador","1985-1989",0.8333333,8.193586,1
"El Salvador","1990-1994",0.6666667,8.167508,1
"El Salvador","1995-1999",0.6666667,8.338053,1
"El Salvador","2000-2004",0.8333333,8.39732,1
"Somalia","1950-1954",NA,NA,0
"Somalia","1955-1959",NA,NA,0
"Somalia","1960-1964",0.86,NA,0
"Somalia","1965-1969",0.77,NA,1
"Somalia","1970-1974",0,NA,1
"Somalia","1975-1979",0,NA,1
"Somalia","1980-1984",0,NA,1
"Somalia","1985-1989",0,NA,1
"Somalia","1990-1994",0,NA,1
"Somalia","1995-1999",0,NA,1
"Somalia","2000-2004",0.1666667,NA,1
"Sao Tome and Principe","1950-1954",NA,NA,0
"Sao Tome and Principe","1955-1959",NA,NA,0
"Sao Tome and Principe","1960-1964",NA,NA,0
"Sao Tome and Principe","1965-1969",NA,NA,0
"Sao Tome and Principe","1970-1974",NA,NA,0
"Sao Tome and Principe","1975-1979",0.3333333,6.874294,0
"Sao Tome and Principe","1980-1984",0.1666667,6.899385,1
"Sao Tome and Principe","1985-1989",0,7.054222,1
"Sao Tome and Principe","1990-1994",0.3333333,7.222165,1
"Sao Tome and Principe","1995-1999",1,7.180779,1
"Sao Tome and Principe","2000-2004",1,NA,1
"Suriname","1950-1954",NA,NA,0
"Suriname","1955-1959",NA,NA,0
"Suriname","1960-1964",NA,NA,0
"Suriname","1965-1969",NA,NA,0
"Suriname","1970-1974",NA,NA,0
"Suriname","1975-1979",0.8333333,NA,0
"Suriname","1980-1984",0,NA,1
"Suriname","1985-1989",0.1666667,NA,1
"Suriname","1990-1994",0.5,NA,1
"Suriname","1995-1999",0.6666667,NA,1
"Suriname","2000-2004",1,NA,1
"Slovakia","1950-1954",NA,NA,0
"Slovakia","1955-1959",NA,NA,0
"Slovakia","1960-1964",NA,NA,0
"Slovakia","1965-1969",NA,NA,0
"Slovakia","1970-1974",NA,NA,0
"Slovakia","1975-1979",NA,NA,0
"Slovakia","1980-1984",NA,NA,0
"Slovakia","1985-1989",NA,NA,0
"Slovakia","1990-1994",NA,9.391191,0
"Slovakia","1995-1999",0.8333333,9.153603,0
"Slovakia","2000-2004",1,9.342241,1
"Slovenia","1950-1954",NA,NA,0
"Slovenia","1955-1959",NA,NA,0
"Slovenia","1960-1964",NA,NA,0
"Slovenia","1965-1969",NA,NA,0
"Slovenia","1970-1974",NA,NA,0
"Slovenia","1975-1979",NA,NA,0
"Slovenia","1980-1984",NA,NA,0
"Slovenia","1985-1989",NA,NA,0
"Slovenia","1990-1994",NA,9.476882,0
"Slovenia","1995-1999",1,9.451581,0
"Slovenia","2000-2004",1,9.664255,1
"Sweden","1950-1954",1,NA,0
"Sweden","1955-1959",1,9.083261,0
"Sweden","1960-1964",1,9.227096,1
"Sweden","1965-1969",1,9.447625,1
"Sweden","1970-1974",1,9.604271,1
"Sweden","1975-1979",0.8333333,9.708359,1
"Sweden","1980-1984",1,9.75062,1
"Sweden","1985-1989",1,9.836894,1
"Sweden","1990-1994",1,9.942073,1
"Sweden","1995-1999",1,9.93772,1
"Sweden","2000-2004",1,10.07049,1
"Swaziland","1950-1954",NA,NA,0
"Swaziland","1955-1959",NA,NA,0
"Swaziland","1960-1964",NA,NA,0
"Swaziland","1965-1969",NA,NA,0
"Swaziland","1970-1974",0.5,NA,0
"Swaziland","1975-1979",0.1666667,NA,1
"Swaziland","1980-1984",0.3333333,NA,1
"Swaziland","1985-1989",0.3333333,NA,1
"Swaziland","1990-1994",0.1666667,NA,1
"Swaziland","1995-1999",0.1666667,NA,1
"Swaziland","2000-2004",0.1666667,8.561657,1
"Seychelles","1950-1954",NA,NA,0
"Seychelles","1955-1959",NA,NA,0
"Seychelles","1960-1964",NA,8.014518,0
"Seychelles","1965-1969",NA,8.055449,0
"Seychelles","1970-1974",NA,8.316642,0
"Seychelles","1975-1979",NA,8.524745,0
"Seychelles","1980-1984",0.1666667,9.005752,0
"Seychelles","1985-1989",0.1666667,8.819954,1
"Seychelles","1990-1994",0.1666667,9.100372,1
"Seychelles","1995-1999",0.6666667,9.138081,1
"Seychelles","2000-2004",0.6666667,9.234136,1
"Syrian Arab Republic","1950-1954",0.26,NA,0
"Syrian Arab Republic","1955-1959",0.6,NA,0
"Syrian Arab Republic","1960-1964",0.39,7.246059,1
"Syrian Arab Republic","1965-1969",0.2,7.606903,1
"Syrian Arab Republic","1970-1974",0,7.405792,1
"Syrian Arab Republic","1975-1979",0.1666667,7.845409,1
"Syrian Arab Republic","1980-1984",0.3333333,8.003003,1
"Syrian Arab Republic","1985-1989",0.1666667,8.029099,1
"Syrian Arab Republic","1990-1994",0,8.043781,1
"Syrian Arab Republic","1995-1999",0,8.275031,1
"Syrian Arab Republic","2000-2004",0,8.317245,1
"Chad","1950-1954",NA,NA,0
"Chad","1955-1959",NA,NA,0
"Chad","1960-1964",0.58,7.100346,0
"Chad","1965-1969",0.48,7.094266,1
"Chad","1970-1974",0.1666667,7.073476,1
"Chad","1975-1979",0,6.977922,1
"Chad","1980-1984",0.1666667,7.398462,1
"Chad","1985-1989",0,6.937676,1
"Chad","1990-1994",0,6.816232,1
"Chad","1995-1999",0.1666667,6.796316,1
"Chad","2000-2004",0.1666667,6.811872,1
"Togo","1950-1954",NA,NA,0
"Togo","1955-1959",NA,NA,0
"Togo","1960-1964",NA,6.798084,0
"Togo","1965-1969",0.45,7.017609,1
"Togo","1970-1974",0,7.242382,1
"Togo","1975-1979",0,7.054319,1
"Togo","1980-1984",0,7.228293,1
"Togo","1985-1989",0.1666667,7.168874,1
"Togo","1990-1994",0.1666667,7.084732,1
"Togo","1995-1999",0.1666667,6.781268,1
"Togo","2000-2004",0.3333333,6.7689,1
"Thailand","1950-1954",NA,6.940819,0
"Thailand","1955-1959",0.4,6.700241,0
"Thailand","1960-1964",0.33,6.994959,1
"Thailand","1965-1969",0.17,7.206482,1
"Thailand","1970-1974",0,7.507953,1
"Thailand","1975-1979",0.8333333,7.638207,1
"Thailand","1980-1984",0.6666667,7.91223,1
"Thailand","1985-1989",0.6666667,8.092428,1
"Thailand","1990-1994",0.8333333,8.483225,1
"Thailand","1995-1999",0.6666667,8.819564,1
"Thailand","2000-2004",0.8333333,8.833033,1
"Tajikistan","1950-1954",NA,NA,0
"Tajikistan","1955-1959",NA,NA,0
"Tajikistan","1960-1964",NA,NA,0
"Tajikistan","1965-1969",NA,NA,0
"Tajikistan","1970-1974",NA,NA,0
"Tajikistan","1975-1979",NA,NA,0
"Tajikistan","1980-1984",NA,NA,0
"Tajikistan","1985-1989",NA,NA,0
"Tajikistan","1990-1994",NA,NA,0
"Tajikistan","1995-1999",0,NA,0
"Tajikistan","2000-2004",0.1666667,7.185798,1
"Turkmenistan","1950-1954",NA,NA,0
"Turkmenistan","1955-1959",NA,NA,0
"Turkmenistan","1960-1964",NA,NA,0
"Turkmenistan","1965-1969",NA,NA,0
"Turkmenistan","1970-1974",NA,NA,0
"Turkmenistan","1975-1979",NA,NA,0
"Turkmenistan","1980-1984",NA,NA,0
"Turkmenistan","1985-1989",NA,NA,0
"Turkmenistan","1990-1994",NA,NA,0
"Turkmenistan","1995-1999",0,NA,0
"Turkmenistan","2000-2004",0,NA,1
"Tonga","1950-1954",NA,NA,0
"Tonga","1955-1959",NA,NA,0
"Tonga","1960-1964",NA,NA,0
"Tonga","1965-1969",NA,NA,0
"Tonga","1970-1974",0.5,NA,0
"Tonga","1975-1979",0.3333333,NA,1
"Tonga","1980-1984",0.3333333,NA,1
"Tonga","1985-1989",0.3333333,NA,1
"Tonga","1990-1994",0.6666667,NA,1
"Tonga","1995-1999",0.3333333,NA,1
"Tonga","2000-2004",0.3333333,NA,1
"Trinidad and Tobago","1950-1954",NA,7.777935,0
"Trinidad and Tobago","1955-1959",NA,8.047418,0
"Trinidad and Tobago","1960-1964",0.94,8.382496,0
"Trinidad and Tobago","1965-1969",0.85,8.62865,0
"Trinidad and Tobago","1970-1974",0.8333333,8.792037,1
"Trinidad and Tobago","1975-1979",0.8333333,8.900778,1
"Trinidad and Tobago","1980-1984",0.8333333,9.168795,1
"Trinidad and Tobago","1985-1989",1,9.203589,1
"Trinidad and Tobago","1990-1994",1,9.078541,1
"Trinidad and Tobago","1995-1999",1,9.126772,1
"Trinidad and Tobago","2000-2004",0.8333333,9.321452,1
"Tunisia","1950-1954",NA,NA,0
"Tunisia","1955-1959",NA,NA,0
"Tunisia","1960-1964",0.84,NA,0
"Tunisia","1965-1969",0.64,7.683999,1
"Tunisia","1970-1974",0.1666667,7.851063,1
"Tunisia","1975-1979",0.1666667,8.194864,1
"Tunisia","1980-1984",0.1666667,8.3811,1
"Tunisia","1985-1989",0.3333333,8.475858,1
"Tunisia","1990-1994",0.3333333,8.504511,1
"Tunisia","1995-1999",0.1666667,8.614884,1
"Tunisia","2000-2004",0.1666667,8.821177,1
"Turkey","1950-1954",0.84,7.500075,0
"Turkey","1955-1959",0.75,7.784102,0
"Turkey","1960-1964",0.59,7.8965,1
"Turkey","1965-1969",0.76,8.013696,1
"Turkey","1970-1974",0.6666667,8.19382,1
"Turkey","1975-1979",0.8333333,8.375748,1
"Turkey","1980-1984",0.3333333,8.359807,1
"Turkey","1985-1989",0.6666667,8.494387,1
"Turkey","1990-1994",0.8333333,8.655212,1
"Turkey","1995-1999",0.3333333,8.717897,1
"Turkey","2000-2004",0.5,8.829385,1
"Tuscany","1950-1954",NA,NA,0
"Tuscany","1955-1959",NA,NA,0
"Tuscany","1960-1964",NA,NA,0
"Tuscany","1965-1969",NA,NA,0
"Tuscany","1970-1974",NA,NA,0
"Tuscany","1975-1979",NA,NA,0
"Tuscany","1980-1984",NA,NA,0
"Tuscany","1985-1989",NA,NA,0
"Tuscany","1990-1994",NA,NA,0
"Tuscany","1995-1999",NA,NA,0
"Tuscany","2000-2004",NA,NA,0
"Taiwan","1950-1954",NA,NA,0
"Taiwan","1955-1959",NA,7.109739,0
"Taiwan","1960-1964",NA,7.265564,1
"Taiwan","1965-1969",0.23,7.585199,1
"Taiwan","1970-1974",0.1666667,7.93372,1
"Taiwan","1975-1979",0.1666667,8.273167,1
"Taiwan","1980-1984",0.3333333,8.677489,1
"Taiwan","1985-1989",0.3333333,8.924109,1
"Taiwan","1990-1994",0.6666667,9.303891,1
"Taiwan","1995-1999",0.6666667,9.601359,1
"Taiwan","2000-2004",1,NA,1
"Tanzania","1950-1954",NA,NA,0
"Tanzania","1955-1959",NA,NA,0
"Tanzania","1960-1964",NA,5.944191,0
"Tanzania","1965-1969",0.63,6.185551,0
"Tanzania","1970-1974",0.1666667,6.336952,1
"Tanzania","1975-1979",0.1666667,6.359638,1
"Tanzania","1980-1984",0.1666667,6.40638,1
"Tanzania","1985-1989",0.1666667,6.449449,1
"Tanzania","1990-1994",0.1666667,6.201927,1
"Tanzania","1995-1999",0.3333333,6.14666,1
"Tanzania","2000-2004",0.5,6.17768,1
"Uganda","1950-1954",NA,6.290195,0
"Uganda","1955-1959",NA,6.379051,0
"Uganda","1960-1964",0.77,6.32879,0
"Uganda","1965-1969",0.69,6.36559,0
"Uganda","1970-1974",0,6.409434,1
"Uganda","1975-1979",0,6.425271,1
"Uganda","1980-1984",0.3333333,6.093689,1
"Uganda","1985-1989",0.3333333,6.474236,1
"Uganda","1990-1994",0.1666667,6.53124,1
"Uganda","1995-1999",0.3333333,6.692755,1
"Uganda","2000-2004",0.1666667,6.846763,1
"Ukraine","1950-1954",NA,NA,0
"Ukraine","1955-1959",NA,NA,0
"Ukraine","1960-1964",NA,NA,0
"Ukraine","1965-1969",NA,NA,0
"Ukraine","1970-1974",NA,NA,0
"Ukraine","1975-1979",NA,NA,0
"Ukraine","1980-1984",NA,NA,0
"Ukraine","1985-1989",NA,NA,0
"Ukraine","1990-1994",NA,9.200294,0
"Ukraine","1995-1999",0.6666667,8.486305,0
"Ukraine","2000-2004",0.5,8.438646,1
"United Province CA","1950-1954",NA,NA,0
"United Province CA","1955-1959",NA,NA,0
"United Province CA","1960-1964",NA,NA,0
"United Province CA","1965-1969",NA,NA,0
"United Province CA","1970-1974",NA,NA,0
"United Province CA","1975-1979",NA,NA,0
"United Province CA","1980-1984",NA,NA,0
"United Province CA","1985-1989",NA,NA,0
"United Province CA","1990-1994",NA,NA,0
"United Province CA","1995-1999",NA,NA,0
"United Province CA","2000-2004",NA,NA,0
"Uruguay","1950-1954",1,8.571289,0
"Uruguay","1955-1959",1,8.760683,0
"Uruguay","1960-1964",1,8.678337,1
"Uruguay","1965-1969",1,8.622192,1
"Uruguay","1970-1974",0.6666667,8.721114,1
"Uruguay","1975-1979",0.3333333,8.779673,1
"Uruguay","1980-1984",0.3333333,8.990587,1
"Uruguay","1985-1989",0.8333333,8.731979,1
"Uruguay","1990-1994",1,8.890516,1
"Uruguay","1995-1999",0.8333333,9.081685,1
"Uruguay","2000-2004",1,9.17177,1
"United States","1950-1954",0.99,9.27824,0
"United States","1955-1959",0.98,9.38968,0
"United States","1960-1964",0.95,9.415136,1
"United States","1965-1969",0.92,9.594625,1
"United States","1970-1974",1,9.70207,1
"United States","1975-1979",1,9.800418,1
"United States","1980-1984",1,9.96813,1
"United States","1985-1989",1,10.07001,1
"United States","1990-1994",1,10.18331,1
"United States","1995-1999",1,10.25446,1
"United States","2000-2004",1,10.4131,1
"USSR","1950-1954",0.23,NA,0
"USSR","1955-1959",0.22,NA,0
"USSR","1960-1964",0.2,NA,1
"USSR","1965-1969",0.18,NA,1
"USSR","1970-1974",0.1666667,NA,1
"USSR","1975-1979",0,NA,1
"USSR","1980-1984",0.1666667,NA,1
"USSR","1985-1989",0,NA,1
"USSR","1990-1994",0.3333333,NA,1
"USSR","1995-1999",NA,NA,1
"USSR","2000-2004",NA,NA,1
"Uzbekistan","1950-1954",NA,NA,0
"Uzbekistan","1955-1959",NA,NA,0
"Uzbekistan","1960-1964",NA,NA,0
"Uzbekistan","1965-1969",NA,NA,0
"Uzbekistan","1970-1974",NA,NA,0
"Uzbekistan","1975-1979",NA,NA,0
"Uzbekistan","1980-1984",NA,NA,0
"Uzbekistan","1985-1989",NA,NA,0
"Uzbekistan","1990-1994",NA,NA,0
"Uzbekistan","1995-1999",0,7.841262,0
"Uzbekistan","2000-2004",0,NA,1
"St. Vincent and the Grenadines","1950-1954",NA,NA,0
"St. Vincent and the Grenadines","1955-1959",NA,NA,0
"St. Vincent and the Grenadines","1960-1964",NA,NA,0
"St. Vincent and the Grenadines","1965-1969",NA,NA,0
"St. Vincent and the Grenadines","1970-1974",NA,NA,0
"St. Vincent and the Grenadines","1975-1979",NA,NA,0
"St. Vincent and the Grenadines","1980-1984",0.8333333,8.06021,0
"St. Vincent and the Grenadines","1985-1989",0.8333333,8.382401,1
"St. Vincent and the Grenadines","1990-1994",1,8.585469,1
"St. Vincent and the Grenadines","1995-1999",0.8333333,8.723261,1
"St. Vincent and the Grenadines","2000-2004",0.8333333,8.874647,1
"Venezuela, RB","1950-1954",0.3,8.684034,0
"Venezuela, RB","1955-1959",0.33,8.899124,0
"Venezuela, RB","1960-1964",0.72,8.967084,1
"Venezuela, RB","1965-1969",0.73,9.203649,1
"Venezuela, RB","1970-1974",0.8333333,9.261748,1
"Venezuela, RB","1975-1979",0.8333333,9.01757,1
"Venezuela, RB","1980-1984",1,8.983068,1
"Venezuela, RB","1985-1989",1,8.825475,1
"Venezuela, RB","1990-1994",1,8.84677,1
"Venezuela, RB","1995-1999",0.6666667,8.866961,1
"Venezuela, RB","2000-2004",0.6666667,8.767203,1
"Vietnam","1950-1954",NA,NA,0
"Vietnam","1955-1959",NA,NA,0
"Vietnam","1960-1964",NA,NA,1
"Vietnam","1965-1969",NA,NA,1
"Vietnam","1970-1974",NA,NA,1
"Vietnam","1975-1979",NA,NA,1
"Vietnam","1980-1984",0,NA,1
"Vietnam","1985-1989",0,NA,1
"Vietnam","1990-1994",0,7.083342,1
"Vietnam","1995-1999",0,7.327942,1
"Vietnam","2000-2004",0,NA,1
"Vietnam, North","1950-1954",NA,NA,0
"Vietnam, North","1955-1959",NA,NA,0
"Vietnam, North","1960-1964",0.31,NA,1
"Vietnam, North","1965-1969",0.33,NA,1
"Vietnam, North","1970-1974",0,NA,1
"Vietnam, North","1975-1979",0,NA,1
"Vietnam, North","1980-1984",NA,NA,1
"Vietnam, North","1985-1989",NA,NA,1
"Vietnam, North","1990-1994",NA,NA,1
"Vietnam, North","1995-1999",NA,NA,1
"Vietnam, North","2000-2004",NA,NA,1
"Vietnam, South","1950-1954",NA,NA,0
"Vietnam, South","1955-1959",NA,NA,0
"Vietnam, South","1960-1964",0.55,NA,1
"Vietnam, South","1965-1969",0.12,NA,1
"Vietnam, South","1970-1974",0.5,NA,1
"Vietnam, South","1975-1979",0,NA,1
"Vietnam, South","1980-1984",NA,NA,1
"Vietnam, South","1985-1989",NA,NA,1
"Vietnam, South","1990-1994",NA,NA,1
"Vietnam, South","1995-1999",NA,NA,1
"Vietnam, South","2000-2004",NA,NA,1
"Vanuatu","1950-1954",NA,NA,0
"Vanuatu","1955-1959",NA,NA,0
"Vanuatu","1960-1964",NA,NA,0
"Vanuatu","1965-1969",NA,NA,0
"Vanuatu","1970-1974",NA,NA,0
"Vanuatu","1975-1979",NA,NA,0
"Vanuatu","1980-1984",0.8333333,NA,0
"Vanuatu","1985-1989",0.8333333,NA,1
"Vanuatu","1990-1994",0.8333333,NA,1
"Vanuatu","1995-1999",1,NA,1
"Vanuatu","2000-2004",1,NA,1
"Wuerttemburg","1950-1954",NA,NA,0
"Wuerttemburg","1955-1959",NA,NA,0
"Wuerttemburg","1960-1964",NA,NA,0
"Wuerttemburg","1965-1969",NA,NA,0
"Wuerttemburg","1970-1974",NA,NA,0
"Wuerttemburg","1975-1979",NA,NA,0
"Wuerttemburg","1980-1984",NA,NA,0
"Wuerttemburg","1985-1989",NA,NA,0
"Wuerttemburg","1990-1994",NA,NA,0
"Wuerttemburg","1995-1999",NA,NA,0
"Wuerttemburg","2000-2004",NA,NA,0
"Western Samoa","1950-1954",NA,NA,0
"Western Samoa","1955-1959",NA,NA,0
"Western Samoa","1960-1964",NA,NA,0
"Western Samoa","1965-1969",NA,NA,0
"Western Samoa","1970-1974",0.5,NA,0
"Western Samoa","1975-1979",0.5,NA,0
"Western Samoa","1980-1984",0.5,NA,0
"Western Samoa","1985-1989",0.5,NA,0
"Western Samoa","1990-1994",0.8333333,NA,0
"Western Samoa","1995-1999",0.8333333,NA,0
"Western Samoa","2000-2004",0.8333333,NA,0
"Yemen","1950-1954",NA,NA,0
"Yemen","1955-1959",NA,NA,0
"Yemen","1960-1964",NA,NA,0
"Yemen","1965-1969",NA,NA,0
"Yemen","1970-1974",NA,NA,0
"Yemen","1975-1979",NA,NA,0
"Yemen","1980-1984",NA,NA,0
"Yemen","1985-1989",NA,NA,0
"Yemen","1990-1994",0.1666667,7.003024,0
"Yemen","1995-1999",0.3333333,6.775308,1
"Yemen","2000-2004",0.3333333,6.705804,1
"Yemen, N.Arab","1950-1954",0.12,NA,0
"Yemen, N.Arab","1955-1959",0.11,NA,0
"Yemen, N.Arab","1960-1964",0.12,NA,1
"Yemen, N.Arab","1965-1969",0.06,NA,1
"Yemen, N.Arab","1970-1974",0.5,NA,1
"Yemen, N.Arab","1975-1979",0.1666667,NA,1
"Yemen, N.Arab","1980-1984",0.1666667,NA,1
"Yemen, N.Arab","1985-1989",0.3333333,NA,1
"Yemen, N.Arab","1990-1994",NA,NA,1
"Yemen, N.Arab","1995-1999",NA,NA,1
"Yemen, N.Arab","2000-2004",NA,NA,1
"Yemen, South","1950-1954",NA,NA,0
"Yemen, South","1955-1959",NA,NA,0
"Yemen, South","1960-1964",NA,NA,0
"Yemen, South","1965-1969",NA,NA,0
"Yemen, South","1970-1974",0,NA,0
"Yemen, South","1975-1979",0,NA,1
"Yemen, South","1980-1984",0.1666667,NA,1
"Yemen, South","1985-1989",0.1666667,NA,1
"Yemen, South","1990-1994",NA,NA,1
"Yemen, South","1995-1999",NA,NA,1
"Yemen, South","2000-2004",NA,NA,1
"Yugoslavia - post 1991","1950-1954",NA,NA,0
"Yugoslavia - post 1991","1955-1959",NA,NA,0
"Yugoslavia - post 1991","1960-1964",NA,NA,0
"Yugoslavia - post 1991","1965-1969",NA,NA,0
"Yugoslavia - post 1991","1970-1974",NA,NA,0
"Yugoslavia - post 1991","1975-1979",NA,NA,0
"Yugoslavia - post 1991","1980-1984",NA,NA,0
"Yugoslavia - post 1991","1985-1989",NA,NA,0
"Yugoslavia - post 1991","1990-1994",NA,NA,0
"Yugoslavia - post 1991","1995-1999",0.1666667,NA,0
"Yugoslavia - post 1991","2000-2004",0.5,NA,1
"Yugoslavia-pre 1991","1950-1954",NA,NA,0
"Yugoslavia-pre 1991","1955-1959",NA,NA,0
"Yugoslavia-pre 1991","1960-1964",0.43,NA,1
"Yugoslavia-pre 1991","1965-1969",0.51,NA,1
"Yugoslavia-pre 1991","1970-1974",0.1666667,NA,1
"Yugoslavia-pre 1991","1975-1979",0.1666667,NA,1
"Yugoslavia-pre 1991","1980-1984",0.1666667,NA,1
"Yugoslavia-pre 1991","1985-1989",0.1666667,NA,1
"Yugoslavia-pre 1991","1990-1994",0.3333333,NA,1
"Yugoslavia-pre 1991","1995-1999",NA,NA,1
"Yugoslavia-pre 1991","2000-2004",NA,NA,1
"South Africa","1950-1954",0.67,8.324184,0
"South Africa","1955-1959",0.64,8.423112,0
"South Africa","1960-1964",0.65,8.509544,1
"South Africa","1965-1969",0.59,8.682797,1
"South Africa","1970-1974",0.8333333,8.836061,1
"South Africa","1975-1979",0.5,8.930145,1
"South Africa","1980-1984",0.3333333,8.980937,1
"South Africa","1985-1989",0.3333333,8.966209,1
"South Africa","1990-1994",0.3333333,8.960091,1
"South Africa","1995-1999",1,8.884942,1
"South Africa","2000-2004",1,8.928168,1
"Congo, Dem. Rep.","1950-1954",NA,6.551328,0
"Congo, Dem. Rep.","1955-1959",NA,6.864523,0
"Congo, Dem. Rep.","1960-1964",0.5,6.887443,0
"Congo, Dem. Rep.","1965-1969",0.38,6.854628,1
"Congo, Dem. Rep.","1970-1974",0,6.96187,1
"Congo, Dem. Rep.","1975-1979",0,6.868011,1
"Congo, Dem. Rep.","1980-1984",0.1666667,6.583971,1
"Congo, Dem. Rep.","1985-1989",0,6.466287,1
"Congo, Dem. Rep.","1990-1994",0.1666667,6.349827,1
"Congo, Dem. Rep.","1995-1999",0,5.773925,1
"Congo, Dem. Rep.","2000-2004",0,NA,1
"Zambia","1950-1954",NA,NA,0
"Zambia","1955-1959",NA,6.81067,0
"Zambia","1960-1964",NA,7.095546,0
"Zambia","1965-1969",0.67,7.288107,0
"Zambia","1970-1974",0.3333333,7.196794,1
"Zambia","1975-1979",0.3333333,7.210035,1
"Zambia","1980-1984",0.3333333,7.122066,1
"Zambia","1985-1989",0.3333333,6.995224,1
"Zambia","1990-1994",0.1666667,6.928319,1
"Zambia","1995-1999",0.6666667,6.702427,1
"Zambia","2000-2004",0.3333333,6.793074,1
"Zimbabwe","1950-1954",NA,NA,0
"Zimbabwe","1955-1959",NA,6.969616,0
"Zimbabwe","1960-1964",NA,7.116216,0
"Zimbabwe","1965-1969",NA,7.272482,0
"Zimbabwe","1970-1974",0.1666667,7.675437,1
"Zimbabwe","1975-1979",0.1666667,7.831994,1
"Zimbabwe","1980-1984",0.6666667,7.876341,1
"Zimbabwe","1985-1989",0.5,7.913739,1
"Zimbabwe","1990-1994",0.1666667,7.977293,1
"Zimbabwe","1995-1999",0.3333333,7.882274,1
"Zimbabwe","2000-2004",0.1666667,7.818621,1
